,Time,Net Worth,Job Income,Tax Deferred,Pension,His SS,Her SS,Total Income,Income Taxes,Medicare Taxes,SS Taxes,Total Taxes,Inflation,Spending,Kid Costs,Total Costs,Net Transaction,Stock Alloc,Bond Alloc,RE Alloc,Stock Returns,Bond Returns,RE Returns
0,2022.5,1245.0,75.48375,19.7625,0.0,0.0,0.0,75.48375,12.197001499999999,1.0945143750000002,2.279802,15.571317874999998,1.0166405064817579,19.277537283907098,0.0,34.8488551589071,40.6348948410929,0.5,0,0.5,-0.0002693299565410534,0.0006547012372899452,-0.004540792831665308
1,2022.75,1282.5917286970166,75.48375,19.7625,0.0,0.0,0.0,75.48375,12.197001499999999,1.0945143750000002,2.279802,15.571317874999998,1.0272683017178785,18.505108460315697,0.0,34.076426335315695,41.407323664684306,0.5,0,0.5,0.028325726387906425,0.00909747297526331,0.005166141612722663
2,2023.0,1345.8239509544198,78.5031,20.553,0.0,0.0,0.0,78.5031,12.939208550000004,1.1382949500000001,2.3481960600000003,16.425699560000005,1.0275918005158373,18.510935935312244,0.0,34.936635495312245,43.56646450468776,0.5,0,0.5,0.055329058201951,0.002598968305453475,-0.03234190098445899
3,2023.25,1405.1091161251802,78.5031,20.553,0.0,0.0,0.0,78.5031,12.939208550000004,1.1382949500000001,2.3481960600000003,16.425699560000005,1.0262003838581943,18.48587109478313,0.0,34.911570654783134,43.59152934521687,0.5,0,0.5,0.04332459358000085,0.028362978977721998,-0.006294369108816533
4,2023.5,1475.1199494878824,0.0,0.0,67.00447657802555,0.0,0.0,67.00447657802555,12.763452760386004,0.0,0.0,12.763452760386004,1.0339636309276163,16.01811700800361,0.0,28.781569768389616,38.22290680963593,0.5,0,0.5,0.15077626703117586,0.011272047493160908,0.054515861592345116
5,2023.75,1666.7198289754947,0.0,0.0,0.0,0.0,0.0,0.0,0.0,0.0,0.0,0.0,1.0476232570551292,17.938124076852265,0.0,17.938124076852265,-17.938124076852265,0.5,0,0.5,0.0676561377270175,-0.008587879317502378,-0.10439409289234725
6,2024.0,1618.33051822313,0.0,0.0,0.0,0.0,0.0,0.0,0.0,0.0,0.0,0.0,1.0458508509213402,16.202273273334264,1.9442727928001116,18.146546066134377,-18.146546066134377,0.5,0,0.5,0.1417556424921531,0.00397038947403483,-0.06138767081607743
7,2024.25,1664.850342507473,0.0,0.0,0.0,0.0,0.0,0.0,0.0,0.0,0.0,0.0,1.065883617348129,18.250790492396167,2.19009485908754,20.440885351483708,-20.440885351483708,0.5,0,0.5,0.0016640279669366542,-0.015643667091137736,0.03672525418955419
8,2024.5,1676.1694842005925,0.0,0.0,0.0,0.0,0.0,0.0,0.0,0.0,0.0,0.0,1.074533965044361,16.646630757904852,1.9975956909485821,18.644226448853434,-18.644226448853434,0.5,0,0.5,-0.06656234229292746,0.007485815815096775,0.07166965194355468
9,2024.75,1661.7818105836936,0.0,0.0,0.0,0.0,0.0,0.0,0.0,0.0,0.0,0.0,1.0681902791467854,16.54835466778916,1.985802560134699,18.534157227923856,-18.534157227923856,0.5,0,0.5,-0.0010993834941687153,0.014074654878991844,-0.04248850871872367
10,2025.0,1607.2328363471129,0.0,0.0,0.0,0.0,0.0,0.0,0.0,0.0,0.0,0.0,1.068959651244062,16.560273744929052,1.9872328493914861,18.547506594320538,-18.547506594320538,0.5,0,0.5,-0.1568973287386174,0.008343438975580986,0.10270556746813164
11,2025.25,1545.3872211784687,0.0,0.0,0.0,0.0,0.0,0.0,0.0,0.0,0.0,0.0,1.11431773819226,17.262959141458534,2.071555096975024,19.33451423843356,-19.33451423843356,0.5,0,0.5,-0.20855136740167302,0.004922866146881422,-0.04736599252252072
12,2025.5,1329.5440075475744,0.0,0.0,0.0,0.0,0.0,0.0,0.0,0.0,0.0,0.0,1.1220550233850726,17.38282480775047,2.0859389769300565,19.468763784680526,-19.468763784680526,0.5,0,0.5,-0.09906553053009237,0.014463758438769903,0.04571464868074249
13,2025.75,1274.8687400619103,0.0,0.0,0.0,0.0,0.0,0.0,0.0,0.0,0.0,0.0,1.1432647940053826,17.711405598550865,2.1253686718261036,19.836774270376967,-19.836774270376967,0.5,0,0.5,-0.023925574236374758,-0.013354558956238605,0.14029785449507548
14,2026.0,1328.6345442835989,0.0,0.0,0.0,0.0,0.0,0.0,0.0,0.0,0.0,0.0,1.144524929178354,19.597340981493197,2.3516809177791838,21.94902189927238,-21.94902189927238,0.5,0,0.5,-0.0008852386428547243,0.014754985604347182,-0.10940702894897647
15,2026.25,1234.0216658885613,0.0,0.0,0.0,0.0,0.0,0.0,0.0,0.0,0.0,0.0,1.1650782284705512,18.04933832186727,2.1659205986240724,20.215258920491344,-20.215258920491344,0.5,0,0.5,0.007402988783013598,0.01624381668553676,0.08123985112717835
16,2026.5,1268.052014965546,0.0,0.0,0.0,0.0,0.0,0.0,0.0,0.0,0.0,0.0,1.1688456399150153,20.01377687473388,2.401653224968065,22.415430099701943,-22.415430099701943,0.5,0,0.5,-0.0002199078296604151,0.006415348255897513,-0.01636449907856119
17,2026.75,1235.2145762208036,0.0,0.0,0.0,0.0,0.0,0.0,0.0,0.0,0.0,0.0,1.1882964891824672,18.40903454877628,2.2090841458531534,20.618118694629434,-20.618118694629434,0.5,0,0.5,-0.03802457143245164,0.01300630102614031,-0.022954477063862555
18,2027.0,1177.2496710677585,0.0,0.0,0.0,0.0,0.0,0.0,0.0,0.0,0.0,0.0,1.1935858071292191,18.49097641909874,2.218917170291849,20.70989358939059,-20.70989358939059,0.5,0,0.5,-0.04482410710910434,0.015317124642205249,-0.004577503178040621
19,2027.25,1127.7165382710364,0.0,0.0,0.0,0.0,0.0,0.0,0.0,0.0,0.0,0.0,1.2465978670987594,19.312236813592097,2.3174684176310514,21.62970523122315,-21.62970523122315,0.5,0,0.5,0.07946074391830793,0.0015694588076859972,-0.026305779834798537
20,2027.5,1135.771267532726,0.0,0.0,0.0,0.0,0.0,0.0,0.0,0.0,0.0,0.0,1.262770565106615,21.62202387636313,2.5946428651635753,24.216666741526705,-24.216666741526705,0.5,0,0.5,0.010650461331301653,0.0010018627275825143,0.048856974166695766
21,2027.75,1144.9877505792658,0.0,0.0,0.0,0.0,0.0,0.0,0.0,0.0,0.0,0.0,1.2789529879248747,21.899110420999424,2.627893250519931,24.527003671519356,-24.527003671519356,0.5,0,0.5,0.0773018436940911,-0.001809745006412733,0.16056286242059192
22,2028.0,1255.178307175921,0.0,0.0,0.0,0.0,0.0,0.0,0.0,0.0,0.0,0.0,1.2918661795305135,22.120218946120616,2.6544262735344737,24.77464521965509,-24.77464521965509,0.5,0,0.5,-0.08427085431703918,0.009157217172757859,-0.03495328783800522
23,2028.25,1156.3183174498083,0.0,0.0,0.0,0.0,0.0,0.0,0.0,0.0,0.0,0.0,1.2938207299097126,20.043811232007695,2.4052573478409234,22.449068579848618,-22.449068579848618,0.5,0,0.5,-0.048710963891365866,0.0021827473409834486,0.06337035508921818
24,2028.5,1142.2624377327443,0.0,0.0,0.0,0.0,0.0,0.0,0.0,0.0,0.0,0.0,1.3130169365986242,20.341197983006804,2.440943757960816,22.78214174096762,-22.78214174096762,0.5,0,0.5,-0.075944108099258,0.004034848844567396,-0.07163582388947876
25,2028.75,1036.0333362870058,0.0,0.0,0.0,0.0,0.0,0.0,0.0,0.0,0.0,0.0,1.324158069905202,20.513795907700178,2.461655508924021,22.9754514166242,-22.9754514166242,0.5,0,0.5,-0.07244676485099599,0.01826197806318408,0.0076795432573446565
26,2029.0,979.879398573805,0.0,0.0,0.0,0.0,0.0,0.0,0.0,0.0,0.0,0.0,1.3346860026998748,20.67689415827034,2.4812272989924407,23.15812145726278,-23.15812145726278,0.5,0,0.5,-0.22003272982923194,0.021889226095298975,-0.0809648831127896
27,2029.25,810.9932319653672,0.0,0.0,0.0,0.0,0.0,0.0,0.0,0.0,0.0,0.0,1.3287769473473794,20.58535134456603,2.4702421613479233,23.05559350591395,-23.05559350591395,0.5,0,0.5,0.0689840956632175,0.011371781311477536,0.1259247920376083
28,2029.5,865.849097825707,0.0,0.0,0.0,0.0,0.0,0.0,0.0,0.0,0.0,0.0,1.3334059575336432,22.831491521377913,2.7397789825653494,25.57127050394326,-25.57127050394326,0.5,0,0.5,-0.04281111337573262,0.021117152495650382,0.024651470220804494
29,2029.75,832.5321632873405,0.0,0.0,0.0,0.0,0.0,0.0,0.0,0.0,0.0,0.0,1.3328017428626582,20.64770329154813,2.4777243949857755,23.125427686533904,-23.125427686533904,0.5,0,0.5,-0.059133134969745926,-0.017502374547303967,0.04105456374241667
30,2030.0,801.9857582671885,0.0,0.0,0.0,0.0,0.0,0.0,0.0,0.0,0.0,0.0,1.3565651882524754,21.01584549440869,2.521901459329043,23.537746953737734,-23.537746953737734,0.5,0,0.5,0.061980505053562895,-0.0011309453986125817,0.0050008975372084485
31,2030.25,804.9129289605336,0.0,0.0,0.0,0.0,0.0,0.0,0.0,0.0,0.0,0.0,1.3507762723311987,23.128917967377607,2.7754701560853126,25.90438812346292,-25.90438812346292,0.5,0,0.5,0.09741714844045712,0.02002582161184341,-0.03205759239436767
32,2030.5,804.8896418565308,0.0,0.0,0.0,0.0,0.0,0.0,0.0,0.0,0.0,0.0,1.393559227911579,23.861477081932406,2.863377249831889,26.724854331764295,-26.724854331764295,0.5,0,0.5,-0.05299961176078838,0.011418777570686434,-0.07225723988941679
33,2030.75,728.5926840709632,0.0,0.0,0.0,0.0,0.0,0.0,0.0,0.0,0.0,0.0,1.3902852441421294,21.53823504912864,2.584588205895437,24.122823255024077,-24.122823255024077,0.5,0,0.5,-0.006445149874992118,-0.005481316257269664,0.028068504686815432
34,2031.0,712.216765784845,0.0,0.0,0.0,0.0,0.0,0.0,0.0,0.0,0.0,0.0,1.3953332201984334,21.616438061986003,2.5939725674383203,24.210410629424324,-24.210410629424324,0.5,0,0.5,0.1527322618180309,-0.009607644949507388,0.005771589814481448
35,2031.25,743.491544608903,0.0,0.0,0.0,0.0,0.0,0.0,0.0,0.0,0.0,0.0,1.4117896731368786,24.173631271165412,2.9008357525398494,27.07446702370526,-27.07446702370526,0.5,0,0.5,-0.06172169228578417,-0.017068938603818085,-0.01701135764269046
36,2031.5,687.6813129746431,0.0,0.0,0.0,0.0,0.0,0.0,0.0,0.0,0.0,0.0,1.4591741552819388,22.605458891616657,2.7126550669939986,25.318113958610656,-25.318113958610656,0.5,0,0.5,0.003180424759202438,0.008702508540100462,0.0827551647786795
37,2031.75,691.3674167761077,0.0,0.0,0.0,0.0,0.0,0.0,0.0,0.0,0.0,0.0,1.4661091931737422,25.10372735642734,3.0124472827712805,28.11617463919862,-28.11617463919862,0.5,0,0.5,0.0013726265060445275,0.012364667744848346,-0.02790678749007136
38,2032.0,654.265324745018,0.0,0.0,0.0,0.0,0.0,0.0,0.0,0.0,0.0,0.0,1.4782104899536122,22.900368912678825,2.748044269521459,25.648413182200283,-25.648413182200283,0.5,0,0.5,-0.014584176384250469,-0.009674756732006129,-0.06126959366454665
39,2032.25,604.2890480246724,0.0,0.0,0.0,0.0,0.0,0.0,0.0,0.0,0.0,0.0,1.4822212046075167,22.962502719604238,2.7555003263525086,25.718003045956745,-25.718003045956745,0.5,0,0.5,0.0882911483084825,0.01686043072442267,0.1287799397406324
40,2032.5,642.7622268282464,0.0,0.0,0.0,0.0,0.0,0.0,0.0,0.0,0.0,0.0,1.478808234749607,25.321169057831813,3.0385402869398175,28.35970934477163,-28.35970934477163,0.5,0,0.5,0.035047599486651926,0.011643885346500626,0.03269653918743476
41,2032.75,635.6939031771813,0.0,0.0,0.0,0.0,0.0,0.0,0.0,0.0,0.0,0.0,1.4789977942759265,25.324414826079295,3.038929779129515,28.36334460520881,-28.36334460520881,0.5,0,0.5,-0.01030471092245655,0.007019220795426939,0.010495173822673065
42,2033.0,607.3897460829787,0.0,0.0,0.0,0.0,0.0,0.0,0.0,0.0,0.0,0.0,1.4938385255499878,23.142477721248238,2.7770973265497885,25.919575047798027,-25.919575047798027,0.5,0,0.5,0.15292284323765037,0.01960758994466416,0.02674812992387854
43,2033.25,634.8710756005192,0.0,0.0,0.0,0.0,0.0,0.0,0.0,0.0,0.0,0.0,1.4906528349400805,25.52398042768883,3.0628776513226597,28.58685807901149,-28.58685807901149,0.5,0,0.5,-0.020474932746102126,-0.0021150285063052943,-0.016086940611167333
44,2033.5,594.9394768605498,0.0,0.0,0.0,0.0,0.0,0.0,0.0,0.0,0.0,0.0,1.5135860655245075,23.44840570214666,2.813808684257599,26.262214386404256,-26.262214386404256,0.5,0,0.5,-0.0325955887004854,0.009504463235252558,0.14524666861029467
45,2033.75,601.4479330459417,0.0,0.0,0.0,0.0,0.0,0.0,0.0,0.0,0.0,0.0,1.536238913422726,26.304536535518526,3.156544384262223,29.46108091978075,-29.46108091978075,0.5,0,0.5,-0.14858639596242174,0.020305722172772045,-0.04960516041705987
46,2034.0,513.8456355303905,0.0,0.0,0.0,0.0,0.0,0.0,0.0,0.0,0.0,0.0,1.542475118739393,23.89595358565522,2.8675144302786264,26.763468015933846,-26.763468015933846,0.5,0,0.5,0.1119495496914038,-0.016999455580059997,0.043268328340728024
47,2034.25,525.9226399274528,0.0,0.0,0.0,0.0,0.0,0.0,0.0,0.0,0.0,0.0,1.5515666995246602,26.566989404017114,3.1880387284820535,29.755028132499167,-29.755028132499167,0.5,0,0.5,0.14602202817648613,-0.007428890275902211,-0.01630124522873444
48,2034.5,529.3141987191274,0.0,0.0,0.0,0.0,0.0,0.0,0.0,0.0,0.0,0.0,1.5491534585971758,26.525668237373445,3.1830801884848134,29.708748425858257,-29.708748425858257,0.5,0,0.5,0.07634517290259857,0.029528588322516924,0.13113016397683408
49,2034.75,552.9743129934477,0.0,0.0,0.0,0.0,0.0,0.0,0.0,0.0,0.0,0.0,1.5429950600630142,26.420219913010136,3.170426389561216,29.59064630257135,-29.59064630257135,0.5,0,0.5,0.05866115023461549,-0.00440233123640732,0.12514568646847635
50,2035.0,572.844155542353,0.0,0.0,0.0,0.0,0.0,0.0,0.0,0.0,0.0,0.0,1.537228163038762,26.321475146069535,3.158577017528344,29.48005216359788,-29.48005216359788,0.5,0,0.5,-0.04546773508185242,0.0010510962399938872,0.06351139529779615
51,2035.25,548.3992240173058,0.0,0.0,0.0,0.0,0.0,0.0,0.0,0.0,0.0,0.0,1.5487669416022822,23.993426216023245,2.879211145922789,26.872637361946033,-26.872637361946033,0.5,0,0.5,0.11128230652406423,-0.017275532200212496,0.07349763941677834
52,2035.5,570.9517950195616,0.0,0.0,0.0,0.0,0.0,0.0,0.0,0.0,0.0,0.0,1.5638117719670797,26.776657934495912,3.2131989521395092,29.989856886635422,-29.989856886635422,0.5,0,0.5,0.008419332427028525,0.00786171172179606,-0.08105045960713597
53,2035.75,520.7720511914496,0.0,0.0,0.0,0.0,0.0,0.0,0.0,0.0,0.0,0.0,1.5666091464094825,24.26983683215497,2.912380419858596,27.182217252013565,-27.182217252013565,0.5,0,0.5,0.058436714503287135,0.02619933135837549,-0.06355966151662096
54,2036.0,492.2907033919683,0.0,0.0,0.0,0.0,0.0,0.0,0.0,0.0,0.0,0.0,1.6132319696430106,24.99211546503892,2.9990538558046707,27.991169320843593,-27.991169320843593,0.5,0,0.5,-0.03423454743283627,0.012812490423497858,-0.04722393421232296
55,2036.25,444.81893699604325,0.0,0.0,0.0,0.0,0.0,0.0,0.0,0.0,0.0,0.0,1.637486847423123,25.36787091588404,3.0441445099060847,28.412015425790123,-28.412015425790123,0.5,0,0.5,-0.08051872323649467,0.0068989964702139694,0.10985903652125795
56,2036.5,422.72408069507173,0.0,0.0,0.0,0.0,0.0,0.0,0.0,0.0,0.0,0.0,1.6446654478262388,25.479081463113495,3.0574897755736195,28.536571238687113,-28.536571238687113,0.5,0,0.5,0.049294473327983424,-0.0009763963133313514,-0.0980800862970681
57,2036.75,384.2241262896125,0.0,0.0,0.0,0.0,0.0,0.0,0.0,0.0,0.0,0.0,1.6530075219111882,25.608316491102123,3.072997978932255,28.681314470034376,-28.681314470034376,0.5,0,0.5,0.013976005822796456,-0.0013796799132282933,0.008812715848247832
58,2037.0,359.7573975330809,0.0,0.0,0.0,0.0,0.0,0.0,0.0,0.0,0.0,0.0,1.6576125798953758,25.67965783756049,3.081558940507259,28.761216778067748,-28.761216778067748,0.5,0,0.5,-0.018612647698368123,-0.0075224833055344,-0.04265130257031069
59,2037.25,320.4166075379747,0.0,0.0,0.0,0.0,0.0,0.0,0.0,0.0,0.0,0.0,1.6510229951185769,25.577572293319225,3.069308675198307,28.646880968517532,-28.646880968517532,0.5,0,0.5,0.04548590358229987,0.017676003277415475,0.062039733989342816
60,2037.5,308.22615804134426,0.0,0.0,0.0,0.0,0.0,0.0,0.0,0.0,0.0,0.0,1.6904620975917708,28.94525169196525,3.47343020303583,32.41868189500108,-32.41868189500108,0.5,0,0.5,0.03367988044168935,0.0016151332997429435,0.07215890814641046
61,2037.75,291.26082923062575,0.0,0.0,0.0,0.0,0.0,0.0,0.0,0.0,0.0,0.0,1.7073806096116282,29.234942060868498,3.5081930473042195,32.743135108172716,-32.743135108172716,0.5,0,0.5,0.16797535270277764,0.007766027389364716,0.00814187981195258
62,2038.0,282.7240621296978,0.0,0.0,0.0,0.0,0.0,0.0,0.0,0.0,0.0,0.0,1.7095018661446773,29.271263670409347,3.5125516404491215,32.78381531085847,-32.78381531085847,0.5,0,0.5,-0.10696721373769025,0.0132457702643618,0.09509201361442754
63,2038.25,248.35887300201853,0.0,0.0,0.0,0.0,0.0,0.0,0.0,0.0,0.0,0.0,1.7294063795143149,26.79188407874231,3.215026089449077,30.006910168191386,-30.006910168191386,0.5,0,0.5,0.10624594897786266,0.04740488682355393,-0.01358493634269431
64,2038.5,229.16343749791594,0.0,0.0,0.0,0.0,0.0,0.0,0.0,0.0,0.0,0.0,1.730676358943647,29.633827861815366,3.556059343417844,33.18988720523321,-33.18988720523321,0.5,0,0.5,-0.03397119834525075,-0.004741655978410142,0.02187399806128254
65,2038.75,194.68780847032627,0.0,0.0,0.0,0.0,0.0,0.0,0.0,0.0,0.0,0.0,1.7231191467712703,26.694482558299768,3.203337906995972,29.89782046529574,-29.89782046529574,0.5,0,0.5,0.03550170415158482,0.009798713465444253,0.10537499309852105
66,2039.0,177.45049918057902,0.0,0.0,0.0,0.0,0.0,0.0,0.0,0.0,0.0,0.0,1.7261908108987418,29.55702323110454,3.546842787732545,33.10386601883709,-33.10386601883709,0.5,0,0.5,-0.14733296156923126,-0.014364681211114672,0.13604772204723536
67,2039.25,143.4387437327483,0.0,0.0,0.0,0.0,0.0,0.0,0.0,0.0,0.0,0.0,1.7300074229993263,26.80119541676411,3.216143450011693,30.017338866775802,-30.017338866775802,0.5,0,0.5,0.0637101045666284,-0.0005787071615889205,0.07882969222893932
68,2039.5,122.57460321250774,0.0,0.0,0.0,0.0,0.0,0.0,0.0,0.0,0.0,0.0,1.7262559366687265,29.558138359214496,3.5469766031057395,33.105114962320236,-33.105114962320236,0.5,0,0.5,0.10947363863043602,0.00014273906058415164,0.1704160514597628
69,2039.75,104.30672701142538,0.0,0.0,0.0,0.0,0.0,0.0,0.0,0.0,0.0,0.0,1.7234709945548614,29.510452669870606,3.5412543203844726,33.05170699025508,-33.05170699025508,0.5,0,0.5,-0.062447392830560555,0.018254371248113133,0.01043267150718652
70,2040.0,68.97207118443401,0.0,0.0,0.0,0.0,0.0,0.0,0.0,0.0,0.0,0.0,1.7457849949455855,27.045620835587247,3.2454745002704697,30.291095335857715,-30.291095335857715,0.5,0,0.5,0.03348538832483672,0.010192080816263216,0.08946388466999089
71,2040.25,41.98994181567295,0.0,0.0,0.0,0.0,0.0,0.0,0.0,0.0,0.0,0.0,1.734789349008479,29.704253299216603,3.5645103959059923,33.268763695122594,-33.268763695122594,0.5,0,0.5,0.04782770836615402,0.0027649352589729226,-0.017671391024552507
72,2040.5,9.103493276936547,0.0,0.0,0.0,0.0,0.0,0.0,0.0,0.0,0.0,0.0,1.7322508757776232,26.835950884006653,3.220314106080798,30.056264990087453,-30.056264990087453,0.5,0,0.5,-0.0370859036907224,0.01171211833733854,0.061615369879550075
73,2040.75,0.0,0.0,0.0,0.0,0.0,0.0,0.0,0.0,0.0,0.0,0.0,1.7315042848857671,26.824384732253204,3.2189261678703844,30.04331090012359,-30.04331090012359,0.5,0,0.5,0.0739082568742293,-0.0022623228820377594,-0.015410487910949122
74,2041.0,0.0,0.0,0.0,0.0,0.0,0.0,0.0,0.0,0.0,0.0,0.0,1.8141560472094234,31.063224351368138,3.7275869221641766,34.79081127353231,-34.79081127353231,0.5,0,0.5,0.07021503164345955,0.0003117290114418303,-0.03558102440213018
75,2041.25,0.0,0.0,0.0,0.0,0.0,0.0,0.0,0.0,0.0,0.0,0.0,1.8102556967366952,28.044397982082835,3.36532775784994,31.409725739932775,-31.409725739932775,0.5,0,0.5,0.11136732091885881,0.01424203149415737,-0.008936177443258475
76,2041.5,0.0,0.0,0.0,0.0,0.0,0.0,0.0,0.0,0.0,0.0,0.0,1.7995000386171711,30.8122741182297,3.697472894187564,34.509747012417265,-34.509747012417265,0.5,0,0.5,0.015310919142044188,-0.0006517027093989602,0.0049949142957845805
77,2041.75,0.0,0.0,0.0,0.0,0.0,0.0,0.0,0.0,0.0,0.0,0.0,1.8206065572837382,28.204753037538044,3.3845703645045653,31.58932340204261,-31.58932340204261,0.5,0,0.5,-0.084284979339882,0.017196656346442962,0.012859288157095028
78,2042.0,0.0,0.0,0.0,0.0,0.0,0.0,0.0,0.0,0.0,0.0,0.0,1.8674624725499573,28.930642721470207,3.4716771265764246,32.40231984804663,-32.40231984804663,0.5,0,0.5,-0.009267909229730087,0.0046998199906875815,0.14818788138567318
79,2042.25,0.0,0.0,0.0,0.0,0.0,0.0,0.0,0.0,0.0,0.0,0.0,1.8750945792893887,32.10665570147431,3.852798684176917,35.95945438565123,-35.95945438565123,0.5,0,0.5,-0.014805176414724341,0.019463069257554366,0.007644560516583798
80,2042.5,0.0,0.0,0.0,0.0,0.0,0.0,0.0,0.0,0.0,0.0,0.0,1.944096179533278,30.117848584905285,3.6141418301886343,33.73199041509392,-33.73199041509392,0.5,0,0.5,-0.050295276764339425,0.017569900790032067,0.0674996807326147
81,2042.75,0.0,0.0,0.0,0.0,0.0,0.0,0.0,0.0,0.0,0.0,0.0,1.9771125283639983,30.629336342238755,3.6755203610686507,34.30485670330741,-34.30485670330741,0.5,0,0.5,0.17803522254961401,-0.005170310451793614,0.06930147363996308
82,2043.0,0.0,0.0,0.0,0.0,0.0,0.0,0.0,0.0,0.0,0.0,0.0,1.9728078728553102,33.7797697452294,4.053572369427528,37.83334211465693,-37.83334211465693,0.5,0,0.5,0.0644474541205513,0.023786682176530904,-0.0438696367917526
83,2043.25,0.0,0.0,0.0,0.0,0.0,0.0,0.0,0.0,0.0,0.0,0.0,1.9627810419405531,30.407313613815127,3.6488776336578153,34.056191247472945,-34.056191247472945,0.5,0,0.5,-0.043382344009584184,-0.0010808323883961801,0.08813229926815458
84,2043.5,0.0,0.0,0.0,0.0,0.0,0.0,0.0,0.0,0.0,0.0,0.0,1.967959650980264,30.487540386842305,3.6585048464210765,34.14604523326338,-34.14604523326338,0.5,0,0.5,0.14632177955792391,-0.013985783272907781,0.12860783076604365
85,2043.75,0.0,0.0,0.0,0.0,0.0,0.0,0.0,0.0,0.0,0.0,0.0,2.0271309021052812,34.70992591764548,4.1651911101174575,38.87511702776293,-38.87511702776293,0.5,0,0.5,-0.02336824030779361,0.00018254492220592944,0.06788255172480584
86,2044.0,0.0,0.0,0.0,0.0,0.0,0.0,0.0,0.0,0.0,0.0,0.0,2.0395618790803223,31.59679881086592,3.7916158573039103,35.38841466816983,-35.38841466816983,0.5,0,0.5,0.03611741298658244,0.019282637948261572,0.04623603748618299
87,2044.25,0.0,0.0,0.0,0.0,0.0,0.0,0.0,0.0,0.0,0.0,0.0,2.0381599622464144,34.898773051317214,4.187852766158065,39.08662581747528,-39.08662581747528,0.5,0,0.5,0.08828829973932817,0.005025610659759927,0.04191644571188369
88,2044.5,0.0,0.0,0.0,0.0,0.0,0.0,0.0,0.0,0.0,0.0,0.0,2.032182927245208,34.79643015778055,4.175571618933666,38.972001776714215,-38.972001776714215,0.5,0,0.5,0.04207756657692352,-0.010123143115699063,0.03954435188016259
89,2044.75,0.0,0.0,0.0,0.0,0.0,0.0,0.0,0.0,0.0,0.0,0.0,2.0353974393292478,34.85147123883877,4.182176548660652,39.03364778749942,-39.03364778749942,0.5,0,0.5,0.003157389059398552,0.015406732425730763,-0.11111884830015706
90,2045.0,0.0,0.0,0.0,0.0,0.0,0.0,0.0,0.0,0.0,0.0,0.0,2.041602807094722,31.62841677378231,3.795410012853877,35.423826786636184,-35.423826786636184,0.5,0,0.5,0.07698762313981833,0.01454697882517797,0.042157253310522114
91,2045.25,0.0,0.0,0.0,0.0,0.0,0.0,0.0,0.0,0.0,0.0,0.0,2.0649788704907466,35.357984796047724,4.242958175525727,39.60094297157345,-39.60094297157345,0.5,0,0.5,0.2175553242068209,-0.003934887559836064,0.12424061649194318
92,2045.5,0.0,0.0,0.0,0.0,0.0,0.0,0.0,0.0,0.0,0.0,0.0,2.1199380591375596,36.299033726061865,4.355884047127423,40.65491777318929,-40.65491777318929,0.5,0,0.5,0.04510859685606228,-0.010466359851879381,-0.001011463133778645
93,2045.75,0.0,0.0,0.0,0.0,0.0,0.0,0.0,0.0,0.0,0.0,0.0,2.2460168347035117,34.795189486452415,4.17542273837429,38.9706122248267,-38.9706122248267,0.5,0,0.5,0.060603785035405755,-0.005173438752457016,0.1423395963737546
94,2046.0,0.0,0.0,0.0,0.0,0.0,0.0,0.0,0.0,0.0,0.0,0.0,2.3351016255573973,39.98321191250889,0.0,39.98321191250889,-39.98321191250889,0.5,0,0.5,0.08426035774119822,0.010469312495861027,0.015435930111954432
95,2046.25,0.0,0.0,0.0,0.0,0.0,0.0,0.0,0.0,0.0,0.0,0.0,2.3332362236124995,39.95127122074262,0.0,39.95127122074262,-39.95127122074262,0.5,0,0.5,0.0026527160593745602,0.021692949438715692,-0.018732448883725272
96,2046.5,0.0,0.0,0.0,0.0,0.0,0.0,0.0,0.0,0.0,0.0,0.0,2.376076788543701,36.81007230858675,0.0,36.81007230858675,-36.81007230858675,0.5,0,0.5,0.16332070780135344,0.016858330686871925,0.007195458137964961
97,2046.75,0.0,0.0,0.0,0.0,0.0,0.0,0.0,0.0,0.0,0.0,0.0,2.3890026034809395,40.906141432586644,0.0,40.906141432586644,-40.906141432586644,0.5,0,0.5,0.0853753325839175,0.0012797184671176076,0.06696723623897305
98,2047.0,0.0,0.0,0.0,0.0,0.0,0.0,0.0,0.0,0.0,0.0,0.0,2.423082343147627,41.48967811386108,0.0,41.48967811386108,-41.48967811386108,0.5,0,0.5,0.08586925672469436,-0.002747401940099703,0.038540841869125764
99,2047.25,0.0,0.0,0.0,0.0,0.0,0.0,0.0,0.0,0.0,0.0,0.0,2.4245922430206206,41.51553165527778,0.0,41.51553165527778,-41.51553165527778,0.5,0,0.5,-0.09291425028477907,0.021171396429617406,0.1482283440490646
100,2047.5,0.0,0.0,0.0,0.0,0.0,0.0,0.0,0.0,0.0,0.0,0.0,2.423645645434672,41.49932336204523,0.0,41.49932336204523,-41.49932336204523,0.5,0,0.5,0.03155550281470476,0.00047829442568181335,0.02144628350071809
101,2047.75,0.0,0.0,0.0,0.0,0.0,0.0,0.0,0.0,0.0,0.0,0.0,2.441590840811,41.80659330768275,0.0,41.80659330768275,-41.80659330768275,0.5,0,0.5,-0.07646379392890501,0.008776216044939167,-0.0934585147389434
102,2048.0,0.0,0.0,0.0,0.0,0.0,0.0,0.0,0.0,0.0,0.0,0.0,2.4438550276911584,37.86008967166016,0.0,37.86008967166016,-37.86008967166016,0.5,0,0.5,-0.09282953162168639,0.01855403596827454,0.04130111197395503
103,2048.25,0.0,0.0,0.0,0.0,0.0,0.0,0.0,0.0,0.0,0.0,0.0,2.4691575495078397,38.25207517572818,0.0,38.25207517572818,-38.25207517572818,0.5,0,0.5,-0.020204877775760965,0.01711821183905715,0.17603668796679317
104,2048.5,0.0,0.0,0.0,0.0,0.0,0.0,0.0,0.0,0.0,0.0,0.0,2.491834326233332,42.666896732114914,0.0,42.666896732114914,-42.666896732114914,0.5,0,0.5,0.06606414977097996,0.017598863346760307,0.09152679210379078
105,2048.75,0.0,0.0,0.0,0.0,0.0,0.0,0.0,0.0,0.0,0.0,0.0,2.4884653605000215,42.609210989718676,0.0,42.609210989718676,-42.609210989718676,0.5,0,0.5,0.2512012103450234,-0.013877326783784949,0.12316605257886226
106,2049.0,0.0,0.0,0.0,0.0,0.0,0.0,0.0,0.0,0.0,0.0,0.0,2.4911767585755413,42.655637407586816,0.0,42.655637407586816,-42.655637407586816,0.5,0,0.5,-0.09805995069187412,-0.001444033697373892,-0.08869067152788512
107,2049.25,0.0,0.0,0.0,0.0,0.0,0.0,0.0,0.0,0.0,0.0,0.0,2.4920892704460917,38.607332341644415,0.0,38.607332341644415,-38.607332341644415,0.5,0,0.5,-0.05702760111843863,0.0017686437043693548,0.039535502256313526
108,2049.5,0.0,0.0,0.0,0.0,0.0,0.0,0.0,0.0,0.0,0.0,0.0,2.537398713611729,39.30926415093208,0.0,39.30926415093208,-39.30926415093208,0.5,0,0.5,0.10368635555867467,-0.008083377312512963,0.04908618518431185
109,2049.75,0.0,0.0,0.0,0.0,0.0,0.0,0.0,0.0,0.0,0.0,0.0,2.587268085431284,44.30097902466106,0.0,44.30097902466106,-44.30097902466106,0.5,0,0.5,0.11922015659993312,-0.008795251199244625,-0.11100802290233092
110,2050.0,0.0,0.0,0.0,0.0,0.0,0.0,0.0,0.0,0.0,0.0,0.0,2.579560349724513,39.96243027815607,0.0,39.96243027815607,-39.96243027815607,0.5,0,0.5,0.10649821582730468,0.010373585937111018,0.13309645808308357
111,2050.25,0.0,0.0,0.0,0.0,0.0,0.0,0.0,0.0,0.0,0.0,0.0,2.6066392790648156,44.632665890693225,0.0,44.632665890693225,-44.632665890693225,0.5,0,0.5,-0.11875120086118107,0.00080819992956771,0.030118016893390998
112,2050.5,0.0,0.0,0.0,0.0,0.0,0.0,0.0,0.0,0.0,0.0,0.0,2.62515161515265,40.66872806497056,0.0,40.66872806497056,-40.66872806497056,0.5,0,0.5,-0.019998744756087317,-0.0011319062637452637,0.004756828398337465
113,2050.75,0.0,0.0,0.0,0.0,0.0,0.0,0.0,0.0,0.0,0.0,0.0,2.636704765111896,40.8477089326943,0.0,40.8477089326943,-40.8477089326943,0.5,0,0.5,-0.03433082885891425,0.013092113628937918,0.1327823322703776
114,2051.0,0.0,0.0,0.0,0.0,0.0,0.0,0.0,0.0,0.0,0.0,0.0,2.6218750891614193,44.893543882932995,0.0,44.893543882932995,-44.893543882932995,0.5,0,0.5,0.010734675954783945,0.014301276408088759,-0.03542288185694309
115,2051.25,0.0,0.0,0.0,0.0,0.0,0.0,0.0,0.0,0.0,0.0,0.0,2.63093040446043,40.75825280310238,0.0,40.75825280310238,-40.75825280310238,0.5,0,0.5,-0.00986522766252318,-0.006363557265925079,0.06410525335448458
116,2051.5,0.0,0.0,0.0,0.0,0.0,0.0,0.0,0.0,0.0,0.0,0.0,2.696256399980687,46.16715171235972,0.0,46.16715171235972,-46.16715171235972,0.5,0,0.5,0.08699240888537108,0.00921090907482558,0.025946515076436416
117,2051.75,0.0,0.0,0.0,0.0,0.0,0.0,0.0,0.0,0.0,0.0,0.0,2.7856598354550215,47.69797866530801,0.0,47.69797866530801,-47.69797866530801,0.5,0,0.5,0.04407066045828367,0.012963437532578226,0.10471102960842549
118,2052.0,0.0,0.0,0.0,0.0,0.0,0.0,0.0,0.0,0.0,0.0,0.0,2.863497340811243,49.03076582854591,0.0,49.03076582854591,-49.03076582854591,0.5,0,0.5,-0.007593334801214935,-0.005299266812199277,0.047371004326408395
119,2052.25,0.0,0.0,0.0,0.0,0.0,0.0,0.0,0.0,0.0,0.0,0.0,2.887736134790569,44.7366753643133,0.0,44.7366753643133,-44.7366753643133,0.5,0,0.5,-0.10615420448051238,0.005750844891436735,-0.04051299873123504
120,2052.5,0.0,0.0,0.0,0.0,0.0,0.0,0.0,0.0,0.0,0.0,0.0,2.9168350093861157,45.18747379099928,0.0,45.18747379099928,-45.18747379099928,0.5,0,0.5,0.09174302963065228,-0.00865673982070958,0.18561970859831778
121,2052.75,0.0,0.0,0.0,0.0,0.0,0.0,0.0,0.0,0.0,0.0,0.0,2.925151295693494,50.086447138652865,0.0,50.086447138652865,-50.086447138652865,0.5,0,0.5,0.12718123097899525,-0.0015825933935724734,0.10660640804162402
122,2053.0,0.0,0.0,0.0,0.0,0.0,0.0,0.0,0.0,0.0,0.0,0.0,2.908841555269545,49.80718057463207,0.0,49.80718057463207,-49.80718057463207,0.5,0,0.5,0.03528420459465953,0.012148457107142407,0.016657458347491216
123,2053.25,0.0,0.0,0.0,0.0,0.0,0.0,0.0,0.0,0.0,0.0,0.0,2.9174395463402862,49.954401275967186,0.0,49.954401275967186,-49.954401275967186,0.5,0,0.5,0.01585116071037196,-9.127869740155337e-05,-0.0119740973307223
124,2053.5,0.0,0.0,0.0,0.0,0.0,0.0,0.0,0.0,0.0,0.0,0.0,2.9788320409785665,46.14792895256607,0.0,46.14792895256607,-46.14792895256607,0.5,0,0.5,0.1066244850397966,0.014941040239765169,0.02934236289905212
125,2053.75,0.0,0.0,0.0,0.0,0.0,0.0,0.0,0.0,0.0,0.0,0.0,3.0792668797046447,52.72531989138242,0.0,52.72531989138242,-52.72531989138242,0.5,0,0.5,0.03099254813827712,0.007109504417684098,0.08513060342479184
126,2054.0,0.0,0.0,0.0,0.0,0.0,0.0,0.0,0.0,0.0,0.0,0.0,3.1054482336497475,53.17361499403927,0.0,53.17361499403927,-53.17361499403927,0.5,0,0.5,0.13605551830032558,-0.009518652175526277,0.051151639979791996
127,2054.25,0.0,0.0,0.0,0.0,0.0,0.0,0.0,0.0,0.0,0.0,0.0,3.1710369664973457,54.29667027172658,0.0,54.29667027172658,-54.29667027172658,0.5,0,0.5,-0.04675630537461517,0.03086069461205243,-0.0791427586407657
128,2054.5,0.0,0.0,0.0,0.0,0.0,0.0,0.0,0.0,0.0,0.0,0.0,3.1738797891914836,49.16959969568417,0.0,49.16959969568417,-49.16959969568417,0.5,0,0.5,-0.00807744155393364,-0.006386726424196465,0.0888918487771646
129,2054.75,0.0,0.0,0.0,0.0,0.0,0.0,0.0,0.0,0.0,0.0,0.0,3.1846902884731896,54.53045181677585,0.0,54.53045181677585,-54.53045181677585,0.5,0,0.5,-0.05650729426559076,0.005143247557233499,-0.09973547830517426
130,2055.0,0.0,0.0,0.0,0.0,0.0,0.0,0.0,0.0,0.0,0.0,0.0,3.1765443450422204,49.210878872354215,0.0,49.210878872354215,-49.210878872354215,0.5,0,0.5,-0.1258534342517501,0.003360404305427167,-0.029926998083745326
131,2055.25,0.0,0.0,0.0,0.0,0.0,0.0,0.0,0.0,0.0,0.0,0.0,3.189378555456066,49.40970586971183,0.0,49.40970586971183,-49.40970586971183,0.5,0,0.5,-0.061057504761547476,0.01607556471602689,0.17990605445992536
132,2055.5,0.0,0.0,0.0,0.0,0.0,0.0,0.0,0.0,0.0,0.0,0.0,3.287125974667161,56.28442590666976,0.0,56.28442590666976,-56.28442590666976,0.5,0,0.5,0.0873536568262836,-0.003456838483630653,-0.03349065871192902
133,2055.75,0.0,0.0,0.0,0.0,0.0,0.0,0.0,0.0,0.0,0.0,0.0,3.276305909381263,56.09915732627984,0.0,56.09915732627984,-56.09915732627984,0.5,0,0.5,0.0341934570892195,-0.003277754801909283,0.04956572862462738
134,2056.0,0.0,0.0,0.0,0.0,0.0,0.0,0.0,0.0,0.0,0.0,0.0,3.2683281693892456,55.96255698940687,0.0,55.96255698940687,-55.96255698940687,0.5,0,0.5,0.014105061986252165,0.03045731130842122,0.06292622288887184
135,2056.25,0.0,0.0,0.0,0.0,0.0,0.0,0.0,0.0,0.0,0.0,0.0,3.2796058958877654,56.15566195903491,0.0,56.15566195903491,-56.15566195903491,0.5,0,0.5,-0.0641066076780148,0.012990651572010181,-0.07101297277882868
136,2056.5,0.0,0.0,0.0,0.0,0.0,0.0,0.0,0.0,0.0,0.0,0.0,3.306571648496252,51.22525587620811,0.0,51.22525587620811,-51.22525587620811,0.5,0,0.5,-0.053761462510558466,-0.013040805316964499,0.004277810109806657
137,2056.75,0.0,0.0,0.0,0.0,0.0,0.0,0.0,0.0,0.0,0.0,0.0,3.3008185697316375,51.13612944462833,0.0,51.13612944462833,-51.13612944462833,0.5,0,0.5,-0.07168989649712998,-0.009161720823671837,0.055296087428851726
138,2057.0,0.0,0.0,0.0,0.0,0.0,3.3196864757166176,3.3196864757166176,0.007345491805732941,0.0,0.0,0.007345491805732941,3.2964500625461772,51.06845273226251,0.0,51.07579822406824,-47.75611174835162,0.5,0,0.5,0.09613796101275951,-0.008665911688906847,-0.028428789770317264
139,2057.25,0.0,0.0,0.0,0.0,0.0,3.3196864757166176,3.3196864757166176,0.007345491805732941,0.0,0.0,0.007345491805732941,3.3825307765318353,57.91801237189079,0.0,57.92535786369652,-54.6056713879799,0.5,0,0.5,-0.05130240198129543,0.03314142717749213,-0.04411495534689314
140,2057.5,0.0,0.0,0.0,0.0,0.0,3.3196864757166176,3.3196864757166176,0.007345491805732941,0.0,0.0,0.007345491805732941,3.409295955055234,52.81665610810175,0.0,52.82400159990748,-49.50431512419087,0.5,0,0.5,0.09734795808578767,0.001861826801934141,-0.04306637397919599
141,2057.75,0.0,0.0,0.0,0.0,0.0,3.3196864757166176,3.3196864757166176,0.007345491805732941,0.0,0.0,0.007345491805732941,3.445723200290048,59.00003640148162,0.0,59.00738189328735,-55.68769541757074,0.5,0,0.5,-0.024064831319315583,0.008827968064897274,0.09722947304429685
142,2058.0,0.0,0.0,0.0,0.0,0.0,3.4524739347452824,3.4524739347452824,0.00840779147796226,0.0,0.0,0.00840779147796226,3.445391210694499,58.99435184788176,0.0,59.002759639359724,-55.55028570461444,0.5,0,0.5,0.11242173363509989,0.00011250911809423947,-0.12811002277863393
143,2058.25,0.0,0.0,0.0,0.0,0.0,3.4524739347452824,3.4524739347452824,0.00840779147796226,0.0,0.0,0.00840779147796226,3.4839126643098863,53.972614735506205,0.0,53.98102252698417,-50.528548592238884,0.5,0,0.5,0.15927205412610457,-0.003982875882651227,0.029648024686943053
144,2058.5,0.0,0.0,0.0,0.0,0.0,3.4524739347452824,3.4524739347452824,0.00840779147796226,0.0,0.0,0.00840779147796226,3.543819727611613,60.67971243649919,0.0,60.68812022797715,-57.235646293231866,0.5,0,0.5,-0.019904168130125077,0.0008786870426154003,-0.018205391771710766
145,2058.75,0.0,0.0,0.0,0.0,0.0,3.4524739347452824,3.4524739347452824,0.00840779147796226,0.0,0.0,0.00840779147796226,3.541517438666257,54.86502525001548,0.0,54.87343304149344,-51.42095910674816,0.5,0,0.5,0.023115255103552945,0.030251554715576612,0.004009950621213232
146,2059.0,0.0,0.0,0.0,0.0,0.0,3.5905728921350937,3.5905728921350937,0.009512583137080751,0.0,0.0,0.009512583137080751,3.572548778829078,55.34576134437626,0.0,55.35527392751334,-51.764701035378245,0.5,0,0.5,-0.08622854402566771,-0.016711464291885414,0.12379072589278306
147,2059.25,0.0,0.0,0.0,0.0,0.0,3.5905728921350937,3.5905728921350937,0.009512583137080751,0.0,0.0,0.009512583137080751,3.618946899076359,56.06455888893361,0.0,56.07407147207069,-52.4834985799356,0.5,0,0.5,-0.11879327715338972,7.45955810672605e-05,0.008035230274959337
148,2059.5,0.0,0.0,0.0,0.0,0.0,3.5905728921350937,3.5905728921350937,0.009512583137080751,0.0,0.0,0.009512583137080751,3.7079689052236553,57.44368371315524,0.0,57.45319629629232,-53.862623404157226,0.5,0,0.5,-0.08377082182801554,0.008090518614073172,-0.014314011050467368
149,2059.75,0.0,0.0,0.0,0.0,0.0,3.5905728921350937,3.5905728921350937,0.009512583137080751,0.0,0.0,0.009512583137080751,3.7023046181883377,57.355932838961294,0.0,57.365445422098375,-53.77487252996328,0.5,0,0.5,0.04152074941164474,0.021694802013055625,0.048840108682326244
150,2060.0,0.0,0.0,0.0,0.0,0.0,3.7341958078204978,3.7341958078204978,0.010661566462563984,0.0,0.0,0.010661566462563984,3.676575495132093,62.952847758441365,0.0,62.96350932490393,-59.22931351708343,0.5,0,0.5,-0.02271190317070082,0.00021109555206488828,0.0007409912918223682
151,2060.25,0.0,0.0,0.0,0.0,0.0,3.7341958078204978,3.7341958078204978,0.010661566462563984,0.0,0.0,0.010661566462563984,3.657295310332638,56.658650712088956,0.0,56.66931227855152,-52.935116470731025,0.5,0,0.5,0.026340995620719454,-0.016115063934513563,0.08998767984463796
152,2060.5,0.0,0.0,0.0,0.0,0.0,3.7341958078204978,3.7341958078204978,0.010661566462563984,0.0,0.0,0.010661566462563984,3.7570439611459943,64.33068403489906,0.0,64.34134560136162,-60.607149793541126,0.5,0,0.5,-0.12900497971272074,-0.011603027553393042,0.04313313224847004
153,2060.75,0.0,0.0,0.0,0.0,0.0,3.7341958078204978,3.7341958078204978,0.010661566462563984,0.0,0.0,0.010661566462563984,3.8546434057491816,59.71595832826967,0.0,59.72661989473224,-55.99242408691174,0.5,0,0.5,-0.027431174062503727,0.00490280862212189,0.06657105499670024
154,2061.0,0.0,0.0,0.0,0.0,0.0,3.883563640133318,3.883563640133318,0.011856509121066545,0.0,0.0,0.011856509121066545,3.8444941811193627,59.55872700716884,0.0,59.57058351628991,-55.68701987615659,0.5,0,0.5,-0.02146612573373008,0.018933067194983,0.012160288550535636
155,2061.25,0.0,0.0,0.0,0.0,0.0,3.883563640133318,3.883563640133318,0.011856509121066545,0.0,0.0,0.011856509121066545,3.9083120008114425,60.54738973421883,0.0,60.5592462433399,-56.67568260320658,0.5,0,0.5,0.001630365250994803,0.00174134972074369,0.034097852379452176
156,2061.5,0.0,0.0,0.0,0.0,0.0,3.883563640133318,3.883563640133318,0.011856509121066545,0.0,0.0,0.011856509121066545,3.910309296567426,60.57833174819492,0.0,60.59018825731599,-56.70662461718267,0.5,0,0.5,0.01101772449749805,0.0022414553659526604,0.020827884462255364
157,2061.75,0.0,0.0,0.0,0.0,0.0,3.883563640133318,3.883563640133318,0.011856509121066545,0.0,0.0,0.011856509121066545,3.9783960501784,61.63312860314547,0.0,61.64498511226654,-57.76142147213322,0.5,0,0.5,0.06476628624143288,0.006941957887568018,0.10507525952496621
158,2062.0,0.0,0.0,0.0,0.0,19.02526942061801,4.038906185738651,23.06417560635666,2.0090872873153596,0.0,0.0,2.0090872873153596,4.01715283992228,68.78444669199747,0.0,70.79353397931283,-47.72935837295617,0.5,0,0.5,0.14003637874686325,0.010561501241706406,0.05403629461609594
159,2062.25,0.0,0.0,0.0,0.0,19.02526942061801,4.038906185738651,23.06417560635666,2.0090872873153596,0.0,0.0,2.0090872873153596,4.047981271712951,69.31231224942155,0.0,71.3213995367369,-48.25722393038025,0.5,0,0.5,0.128465639964916,-0.0025933033332764532,0.0068106387541368996
160,2062.5,0.0,0.0,0.0,0.0,19.02526942061801,4.038906185738651,23.06417560635666,2.0090872873153596,0.0,0.0,2.0090872873153596,4.080133274002805,69.86284088890201,0.0,71.87192817621737,-48.80775256986071,0.5,0,0.5,-0.12424768525325525,-0.0067450984241160805,0.09790619721665594
161,2062.75,0.0,0.0,0.0,0.0,19.02526942061801,4.038906185738651,23.06417560635666,2.0090872873153596,0.0,0.0,2.0090872873153596,4.113542316092934,63.726808337965196,0.0,65.73589562528055,-42.67172001892389,0.5,0,0.5,0.015040708576179007,-0.010777729402066116,-0.027370167640743737
162,2063.0,0.0,0.0,0.0,0.0,19.786280197442732,4.200462433168197,23.98674263061093,2.1419369388079743,0.0,0.0,2.1419369388079743,4.10838641575504,63.64693336710196,0.0,65.78887030590994,-41.802127675299005,0.5,0,0.5,0.04926286127662505,0.01369084829532019,0.18092911303418058
163,2063.25,0.0,0.0,0.0,0.0,19.786280197442732,4.200462433168197,23.98674263061093,2.1419369388079743,0.0,0.0,2.1419369388079743,4.108631585853526,70.35080853425198,0.0,72.49274547305995,-48.50600284244902,0.5,0,0.5,-0.02935741184823326,0.02955923693660889,0.009179908879944021
164,2063.5,0.0,0.0,0.0,0.0,19.786280197442732,4.200462433168197,23.98674263061093,2.1419369388079743,0.0,0.0,2.1419369388079743,4.1530139508812525,64.33830108841063,0.0,66.4802380272186,-42.49349539660767,0.5,0,0.5,0.028350619608733973,0.003504719853563598,0.0545468968000431
165,2063.75,0.0,0.0,0.0,0.0,19.786280197442732,4.200462433168197,23.98674263061093,2.1419369388079743,0.0,0.0,2.1419369388079743,4.282721331798342,73.33169258988484,0.0,75.47362952869281,-51.48688689808188,0.5,0,0.5,0.0023188212031075572,0.012115800111413444,0.03202297383330732
166,2064.0,0.0,0.0,0.0,0.0,20.57773140534044,4.3684809304949255,24.946212335835366,2.280100576360293,0.0,0.0,2.280100576360293,4.2765954649342595,66.25282021937018,0.0,68.53292079573048,-43.58670845989511,0.5,0,0.5,0.1576604757792306,-0.002533655555003067,0.05862269748564364
167,2064.25,0.0,0.0,0.0,0.0,20.57773140534044,4.3684809304949255,24.946212335835366,2.280100576360293,0.0,0.0,2.280100576360293,4.2843562468969045,73.3596867277542,0.0,75.63978730411449,-50.69357496827912,0.5,0,0.5,0.11214222613586444,-0.030760391252631858,-0.025376424886310645
168,2064.5,0.0,0.0,0.0,0.0,20.57773140534044,4.3684809304949255,24.946212335835366,2.280100576360293,0.0,0.0,2.280100576360293,4.527764236400257,77.52748530191138,0.0,79.80758587827168,-54.86137354243631,0.5,0,0.5,-0.15166013522830724,-0.0019525455797830826,-0.02885527846481417
169,2064.75,0.0,0.0,0.0,0.0,20.57773140534044,4.3684809304949255,24.946212335835366,2.280100576360293,0.0,0.0,2.280100576360293,4.533174551548135,70.22773162655434,0.0,72.50783220291464,-47.56161986707927,0.5,0,0.5,-0.03490013646526069,0.011308929208305951,0.14599362951822448
170,2065.0,0.0,0.0,0.0,0.0,21.40084066155406,4.543220167714723,25.944060829268782,2.423790759414705,0.0,0.0,2.423790759414705,4.513683469189167,77.2863847463168,0.0,79.7101755057315,-53.76611467646272,0.5,0,0.5,0.06986693921662668,0.0011797456469344603,0.09983263703477974
171,2065.25,0.0,0.0,0.0,0.0,21.40084066155406,4.543220167714723,25.944060829268782,2.423790759414705,0.0,0.0,2.423790759414705,4.519378061830313,77.38389146800905,0.0,79.80768222742375,-53.863621398154976,0.5,0,0.5,-0.07643153034688943,0.016750878204080832,0.09400770475425269
172,2065.5,0.0,0.0,0.0,0.0,21.40084066155406,4.543220167714723,25.944060829268782,2.423790759414705,0.0,0.0,2.423790759414705,4.500892064258534,69.72761281845825,0.0,72.15140357787295,-46.20734274860418,0.5,0,0.5,-0.043452686611079705,-0.0034282057714563052,0.023521946372011326
173,2065.75,0.0,0.0,0.0,0.0,21.40084066155406,4.543220167714723,25.944060829268782,2.423790759414705,0.0,0.0,2.423790759414705,4.49727253075277,69.67153917188551,0.0,72.09532993130021,-46.151269102031435,0.5,0,0.5,0.07578990046372991,0.011597655869933998,0.08613118014752263
174,2066.0,0.0,0.0,0.0,0.0,22.256874288016224,4.724948974423312,26.981823262439537,2.5790377219903267,0.0,0.0,2.5790377219903267,4.50764117699175,77.18292447430017,0.0,79.7619621962905,-52.780138933850964,0.5,0,0.5,0.11236989478937565,0.004252384595138103,0.10650975275765195
175,2066.25,0.0,0.0,0.0,0.0,22.256874288016224,4.724948974423312,26.981823262439537,2.5790377219903267,0.0,0.0,2.5790377219903267,4.505049120664085,77.13854150770725,0.0,79.71757922969758,-52.735755967258044,0.5,0,0.5,0.24563710693796192,-0.00755169626952068,-0.01841466216430565
176,2066.5,0.0,0.0,0.0,0.0,22.256874288016224,4.724948974423312,26.981823262439537,2.5790377219903267,0.0,0.0,2.5790377219903267,4.519204213921377,77.38091472485257,0.0,79.9599524468429,-52.97812918440337,0.5,0,0.5,-0.042708593773637116,-0.005341659934220755,0.05965554282873775
177,2066.75,0.0,0.0,0.0,0.0,22.256874288016224,4.724948974423312,26.981823262439537,2.5790377219903267,0.0,0.0,2.5790377219903267,4.516395829952129,69.96779644341022,0.0,72.54683416540055,-45.56501090296102,0.5,0,0.5,0.05225889525435745,-0.005904197578564974,-0.03154493077240472
178,2067.0,0.0,0.0,0.0,0.0,23.147149259536874,4.913946933400245,28.06109619293712,2.8076090863049092,0.0,0.0,2.8076090863049092,4.555546512721961,70.57431701994905,0.0,73.38192610625396,-45.320829913316835,0.5,0,0.5,0.125316211685631,-0.0003827284405598652,0.08614980263437877
179,2067.25,0.0,0.0,0.0,0.0,23.147149259536874,4.913946933400245,28.06109619293712,2.8076090863049092,0.0,0.0,2.8076090863049092,4.592421987759816,78.63459967590718,0.0,81.44220876221209,-53.38111256927497,0.5,0,0.5,-0.032338090913023865,0.0034879355042378712,0.02005699326996213
180,2067.5,0.0,0.0,0.0,0.0,23.147149259536874,4.913946933400245,28.06109619293712,2.8076090863049092,0.0,0.0,2.8076090863049092,4.613158754016242,71.46684321191694,0.0,74.27445229822185,-46.213356105284724,0.5,0,0.5,0.08137342984892038,0.011433849408163166,-0.019373446417479623
181,2067.75,0.0,0.0,0.0,0.0,23.147149259536874,4.913946933400245,28.06109619293712,2.8076090863049092,0.0,0.0,2.8076090863049092,4.625777009532976,79.20572724025217,0.0,82.01333632655708,-53.95224013361996,0.5,0,0.5,0.004920465749527647,-0.004215911003328743,0.04446242559797198
182,2068.0,0.0,0.0,0.0,0.0,24.07303522991835,5.110504810736256,29.183540040654606,3.0769956097571054,0.0,0.0,3.0769956097571054,4.676791591002716,80.07923390017994,0.0,83.15622950993705,-53.97268946928244,0.5,0,0.5,0.06521492475358492,0.004355200287926575,0.04965727025597966
183,2068.25,0.0,0.0,0.0,0.0,24.07303522991835,5.110504810736256,29.183540040654606,3.0769956097571054,0.0,0.0,3.0769956097571054,4.677197314496403,80.08618097616518,0.0,83.16317658592229,-53.97963654526768,0.5,0,0.5,0.06642504638262103,0.01056222035109955,0.019391465023666843
184,2068.5,0.0,0.0,0.0,0.0,24.07303522991835,5.110504810736256,29.183540040654606,3.0769956097571054,0.0,0.0,3.0769956097571054,4.692194082055801,80.34296591809972,0.0,83.41996152785683,-54.23642148720222,0.5,0,0.5,0.1823252259206145,0.029830669933598397,0.0581138259078513
185,2068.75,0.0,0.0,0.0,0.0,24.07303522991835,5.110504810736256,29.183540040654606,3.0769956097571054,0.0,0.0,3.0769956097571054,4.6733197683843075,80.01978697163725,0.0,83.09678258139435,-53.913242540739745,0.5,0,0.5,0.029780052044540373,-0.024484849145763987,-0.004862309591769143
186,2069.0,0.0,0.0,0.0,0.0,25.035956639115085,5.314925003165706,30.35088164228079,3.35715759414739,0.0,0.0,3.35715759414739,4.850358747452386,75.14153459903,0.0,78.49869219317739,-48.1478105508966,0.5,0,0.5,0.09554721783904618,0.0030559209401299636,0.07722785821089184
187,2069.25,0.0,0.0,0.0,0.0,25.035956639115085,5.314925003165706,30.35088164228079,3.35715759414739,0.0,0.0,3.35715759414739,4.871411949043675,83.41165718012286,0.0,86.76881477427025,-56.417933131989464,0.5,0,0.5,-0.03220903702537703,0.014128276127280515,0.08152845260481878
188,2069.5,0.0,0.0,0.0,0.0,25.035956639115085,5.314925003165706,30.35088164228079,3.35715759414739,0.0,0.0,3.35715759414739,4.920219050006346,84.24736584447697,0.0,87.60452343862437,-57.25364179634358,0.5,0,0.5,0.09112933965325176,0.016838420572337753,-0.013934231225075866
189,2069.75,0.0,0.0,0.0,0.0,25.035956639115085,5.314925003165706,30.35088164228079,3.35715759414739,0.0,0.0,3.35715759414739,4.940693745205604,84.59794762131958,0.0,87.95510521546697,-57.60422357318618,0.5,0,0.5,0.04064618564948974,0.023059310298803037,0.12368599448702855
190,2070.0,0.0,0.0,0.0,0.0,26.03739490467969,5.527522003292334,31.564916907972023,3.6485260579132865,0.0,0.0,3.6485260579132865,5.030093576220861,86.12871285624689,0.0,89.77723891416018,-58.21232200618816,0.5,0,0.5,-0.10437766821653738,-0.02195933304724007,-0.0047804372169861775
191,2070.25,0.0,0.0,0.0,0.0,26.03739490467969,5.527522003292334,31.564916907972023,3.6485260579132865,0.0,0.0,3.6485260579132865,5.026816923310484,77.87521654234756,0.0,81.52374260026085,-49.958825692288826,0.5,0,0.5,-0.026149974001829057,0.00873581714634697,-0.18049609778155307
192,2070.5,0.0,0.0,0.0,0.0,26.03739490467969,5.527522003292334,31.564916907972023,3.6485260579132865,0.0,0.0,3.6485260579132865,5.031698789803186,77.95084619348664,0.0,81.59937225139993,-50.03445534342791,0.5,0,0.5,0.044695238305147544,0.02614523808230884,0.007770500941675307
193,2070.75,0.0,0.0,0.0,0.0,26.03739490467969,5.527522003292334,31.564916907972023,3.6485260579132865,0.0,0.0,3.6485260579132865,5.22754809387797,89.50966456137101,0.0,93.1581906192843,-61.59327371131228,0.5,0,0.5,-0.0027891837769584704,-0.02954553748637323,-0.0328098054295215
194,2071.0,0.0,0.0,0.0,0.0,27.07889070086688,5.748622883424027,32.827513584290905,3.951549260229817,0.0,0.0,3.951549260229817,5.365070991245985,83.1154330031172,0.0,87.06698226334701,-54.23946867905611,0.5,0,0.5,-0.024362273764815146,0.011575684704907774,-0.07517799370583045
195,2071.25,0.0,0.0,0.0,0.0,27.07889070086688,5.748622883424027,32.827513584290905,3.951549260229817,0.0,0.0,3.951549260229817,5.408527761711651,83.78866329215987,0.0,87.74021255238968,-54.91269896809877,0.5,0,0.5,0.015492763792729125,-0.0006704220511291048,0.04764761744290347
196,2071.5,0.0,0.0,0.0,0.0,27.07889070086688,5.748622883424027,32.827513584290905,3.951549260229817,0.0,0.0,3.951549260229817,5.437482221994485,93.10430071779388,0.0,97.05584997802369,-64.22833639373277,0.5,0,0.5,-0.016798282316305535,0.003641084932179295,0.011613465221276487
197,2071.75,0.0,0.0,0.0,0.0,27.07889070086688,5.748622883424027,32.827513584290905,3.951549260229817,0.0,0.0,3.951549260229817,5.429022150968407,84.10616142778363,0.0,88.05771068801344,-55.23019710372254,0.5,0,0.5,-0.07580514872556521,-0.009373600791409697,-0.11321013165118021
198,2072.0,0.0,0.0,0.0,0.0,28.162046328901553,5.978567798760989,34.140614127662545,4.278469977566701,0.0,0.0,4.278469977566701,5.425345712136214,84.04920620651147,0.0,88.32767618407817,-54.18706205641563,0.5,0,0.5,0.20249361181991254,-0.005368975831991918,0.11025003280992673
199,2072.25,0.0,0.0,0.0,0.0,28.162046328901553,5.978567798760989,34.140614127662545,4.278469977566701,0.0,0.0,4.278469977566701,5.463514704266528,93.55004673753862,0.0,97.82851671510532,-63.68790258744278,0.5,0,0.5,0.21961664096775224,-0.015372880153529556,-0.020714244509734026
200,2072.5,0.0,0.0,0.0,0.0,28.162046328901553,5.978567798760989,34.140614127662545,4.278469977566701,0.0,0.0,4.278469977566701,5.479195838886767,93.81854988176471,0.0,98.09701985933141,-63.956405731668866,0.5,0,0.5,0.04626771332109514,0.01439903344170479,0.07709745369656651
201,2072.75,0.0,0.0,0.0,0.0,28.162046328901553,5.978567798760989,34.140614127662545,4.278469977566701,0.0,0.0,4.278469977566701,5.529659198148134,94.6826181369023,0.0,98.961088114469,-64.82047398680646,0.5,0,0.5,0.012382098090804483,-0.001586162207153241,0.07905105204474983
202,2073.0,0.0,0.0,0.0,0.0,29.288528182057615,6.217710510711429,35.506238692769045,4.620422368669369,0.0,0.0,4.620422368669369,5.626648833369912,96.34334120605935,0.0,100.96376357472872,-65.45752488195967,0.5,0,0.5,0.08608069525014894,-0.007624114364797485,-0.0664344749811352
203,2073.25,0.0,0.0,0.0,0.0,29.288528182057615,6.217710510711429,35.506238692769045,4.620422368669369,0.0,0.0,4.620422368669369,5.658308062000324,87.65824821433817,0.0,92.27867058300754,-56.772431890238494,0.5,0,0.5,0.19522958392542034,-0.022152194480846932,0.1243844489090562
204,2073.5,0.0,0.0,0.0,0.0,29.288528182057615,6.217710510711429,35.506238692769045,4.620422368669369,0.0,0.0,4.620422368669369,5.693571091209715,97.48923001346134,0.0,102.1096523821307,-66.60341368936166,0.5,0,0.5,0.06062811670110957,0.009042863343281082,0.01096427863384486
205,2073.75,0.0,0.0,0.0,0.0,29.288528182057615,6.217710510711429,35.506238692769045,4.620422368669369,0.0,0.0,4.620422368669369,5.705673808867642,97.69646104766467,0.0,102.31688341633404,-66.81064472356499,0.5,0,0.5,-0.004469559637029774,0.0030649121847399208,0.02459527573537179
206,2074.0,0.0,0.0,0.0,0.0,30.46006930933992,6.466418931139886,36.926488240479806,4.976052855416143,0.0,0.0,4.976052855416143,5.730757995199342,88.78063924676043,0.0,93.75669210217657,-56.830203861696766,0.5,0,0.5,0.02577352122744192,-0.01906528637304883,-0.18567633640175396
207,2074.25,0.0,0.0,0.0,0.0,30.46006930933992,6.466418931139886,36.926488240479806,4.976052855416143,0.0,0.0,4.976052855416143,5.832082950408459,90.35036079191215,0.0,95.3264136473283,-58.39992540684849,0.5,0,0.5,0.13881659149581016,0.013401100399048183,-0.03959996343137806
208,2074.5,0.0,0.0,0.0,0.0,30.46006930933992,6.466418931139886,36.926488240479806,4.976052855416143,0.0,0.0,4.976052855416143,5.886115830219673,100.78611312048079,0.0,105.76216597589693,-68.83567773541714,0.5,0,0.5,0.0045502589829753415,0.007093570112568948,0.12576651305809095
209,2074.75,0.0,0.0,0.0,0.0,30.46006930933992,6.466418931139886,36.926488240479806,4.976052855416143,0.0,0.0,4.976052855416143,5.945112983354116,101.79630284849578,0.0,106.77235570391193,-69.84586746343211,0.5,0,0.5,0.05627856344944315,0.007041019355571665,-0.006469449567904628
210,2075.0,0.0,0.0,0.0,0.0,31.67847208171352,6.725075688385481,38.403547770099,5.34590856163279,0.0,0.0,5.34590856163279,5.999487633107439,102.7273429025819,0.0,108.07325146421468,-69.66970369411567,0.5,0,0.5,-0.11373901880188453,0.014096083950375649,-0.09243405020589823
211,2075.25,0.0,0.0,0.0,0.0,31.67847208171352,6.725075688385481,38.403547770099,5.34590856163279,0.0,0.0,5.34590856163279,5.996125521074451,92.89170075071145,0.0,98.23760931234423,-59.83406154224523,0.5,0,0.5,-0.02367449057686455,-0.012281941299570054,0.07422029081996806
212,2075.5,0.0,0.0,0.0,0.0,31.67847208171352,6.725075688385481,38.403547770099,5.34590856163279,0.0,0.0,5.34590856163279,6.055149483009931,103.6804232806414,0.0,109.0263318422742,-70.6227840721752,0.5,0,0.5,-0.0659682661283173,0.02424770717841307,0.03206584559991654
213,2075.75,0.0,0.0,0.0,0.0,31.67847208171352,6.725075688385481,38.403547770099,5.34590856163279,0.0,0.0,5.34590856163279,6.037110050795414,93.52663119986023,0.0,98.87253976149302,-60.46899199139401,0.5,0,0.5,-0.011446596462078684,0.016053811562944498,0.05517083032724379
214,2076.0,0.0,0.0,0.0,0.0,32.94561096498206,6.994078715920901,39.93968968090296,5.7305584960981015,0.0,0.0,5.7305584960981015,6.127687096140048,94.92984661979521,0.0,100.66040511589331,-60.72071543499035,0.5,0,0.5,-0.06467503202661096,-0.018218698907195296,0.0035298714718525748
215,2076.25,0.0,0.0,0.0,0.0,32.94561096498206,6.994078715920901,39.93968968090296,5.7305584960981015,0.0,0.0,5.7305584960981015,6.127612037475304,94.92868381441369,0.0,100.65924231051179,-60.71955262960883,0.5,0,0.5,0.06592720132097574,0.017294473720438575,0.1222433331772379
216,2076.5,0.0,0.0,0.0,0.0,32.94561096498206,6.994078715920901,39.93968968090296,5.7305584960981015,0.0,0.0,5.7305584960981015,6.129046374431527,104.94573654882949,0.0,110.67629504492758,-70.73660536402463,0.5,0,0.5,-0.06555754480807663,0.0022002371636342666,0.07654618048456507
217,2076.75,0.0,0.0,0.0,0.0,32.94561096498206,6.994078715920901,39.93968968090296,5.7305584960981015,0.0,0.0,5.7305584960981015,6.1874761613423885,95.85609606761287,0.0,101.58665456371097,-61.64696488280801,0.5,0,0.5,0.11573678581491609,0.017395551695213785,0.03119666578298519
218,2077.0,0.0,0.0,0.0,0.0,34.26343540358134,7.273841864557737,41.53727726813908,6.130594427942025,0.0,0.0,6.130594427942025,6.154447792577538,105.38067705569834,0.0,111.51127148364037,-69.97399421550129,0.5,0,0.5,-0.04198636108868503,0.004787813605539704,0.05449332478252922
219,2077.25,0.0,0.0,0.0,0.0,34.26343540358134,7.273841864557737,41.53727726813908,6.130594427942025,0.0,0.0,6.130594427942025,6.150182583917778,95.27834568165537,0.0,101.4089401095974,-59.87166284145832,0.5,0,0.5,0.12491087335905426,0.0075871067775503676,0.01994173328891269
220,2077.5,0.0,0.0,0.0,0.0,34.26343540358134,7.273841864557737,41.53727726813908,6.130594427942025,0.0,0.0,6.130594427942025,6.220746203301356,106.51588392482131,0.0,112.64647835276334,-71.10920108462426,0.5,0,0.5,0.02249268610034405,0.03691762580811586,0.05166322351242747
221,2077.75,0.0,0.0,0.0,0.0,34.26343540358134,7.273841864557737,41.53727726813908,6.130594427942025,0.0,0.0,6.130594427942025,6.273499155749668,107.4191561651667,0.0,113.54975059310873,-72.01247332496965,0.5,0,0.5,0.0211428286648343,0.009374874464702199,-0.02112952026964976
222,2078.0,0.0,0.0,0.0,0.0,35.6339728197246,7.564795539140047,43.19876835886465,6.546631797059708,0.0,0.0,6.546631797059708,6.24427924978113,96.73608690076378,0.0,103.28271869782348,-60.083950338958836,0.5,0,0.5,-0.09160893843783002,-0.008450583478092355,-0.007397776490271735
223,2078.25,0.0,0.0,0.0,0.0,35.6339728197246,7.564795539140047,43.19876835886465,6.546631797059708,0.0,0.0,6.546631797059708,6.283599296861534,97.34523126141124,0.0,103.89186305847095,-60.6930946996063,0.5,0,0.5,-0.12676178746215017,-0.007037488315420282,-0.047985133041240635
224,2078.5,0.0,0.0,0.0,0.0,35.6339728197246,7.564795539140047,43.19876835886465,6.546631797059708,0.0,0.0,6.546631797059708,6.3788577074159365,98.82097017583317,0.0,105.36760197289287,-62.16883361402822,0.5,0,0.5,0.08020102546847219,0.0011990603320908289,-0.04432314027643125
225,2078.75,0.0,0.0,0.0,0.0,35.6339728197246,7.564795539140047,43.19876835886465,6.546631797059708,0.0,0.0,6.546631797059708,6.3771507826195215,98.79452657540564,0.0,105.34115837246534,-62.142390013600696,0.5,0,0.5,0.0570165425186,-0.010296694778246351,0.10215696795774476
226,2079.0,0.0,0.0,0.0,0.0,37.059331732513584,7.867387360705649,44.92671909321923,6.9793106609420965,0.0,0.0,6.9793106609420965,6.406143940346651,109.69039116135846,0.0,116.66970182230055,-71.74298272908132,0.5,0,0.5,-0.0045805105161715876,0.021541954590229784,0.09505712001547884
227,2079.25,0.0,0.0,0.0,0.0,37.059331732513584,7.867387360705649,44.92671909321923,6.9793106609420965,0.0,0.0,6.9793106609420965,6.617554615346789,113.31030976643387,0.0,120.28962042737597,-75.36290133415673,0.5,0,0.5,0.05871322023383807,-0.00746905694857114,0.04040569275121797
228,2079.5,0.0,0.0,0.0,0.0,37.059331732513584,7.867387360705649,44.92671909321923,6.9793106609420965,0.0,0.0,6.9793106609420965,6.858865649255718,117.44220282839181,0.0,124.4215134893339,-79.49479439611467,0.5,0,0.5,0.1368989455120877,-0.006084138887040513,0.03045592882445347
229,2079.75,0.0,0.0,0.0,0.0,37.059331732513584,7.867387360705649,44.92671909321923,6.9793106609420965,0.0,0.0,6.9793106609420965,7.01521369213661,120.11930127335587,0.0,127.09861193429796,-82.17189284107873,0.5,0,0.5,0.11137011448145229,-0.013464704964475604,0.06326111842402216
230,2080.0,0.0,0.0,0.0,0.0,38.54170500181413,8.182082855133876,46.72378785694801,7.429296679379781,0.0,0.0,7.429296679379781,6.986155414118123,119.6217455031446,0.0,127.05104218252437,-80.32725432557636,0.5,0,0.5,-0.07137070236712972,0.012197608272163096,0.05587889614197272
231,2080.25,0.0,0.0,0.0,0.0,38.54170500181413,8.182082855133876,46.72378785694801,7.429296679379781,0.0,0.0,7.429296679379781,6.993478578458472,108.34264843746405,0.0,115.77194511684382,-69.04815725989582,0.5,0,0.5,-0.017140426624913885,0.014113352955539282,-0.015430224522641867
232,2080.5,0.0,0.0,0.0,0.0,38.54170500181413,8.182082855133876,46.72378785694801,7.429296679379781,0.0,0.0,7.429296679379781,7.019787520063433,108.75022535059679,0.0,116.17952202997657,-69.45573417302856,0.5,0,0.5,-0.0720307015760816,-0.004054563484495399,0.01128884084116466
233,2080.75,0.0,0.0,0.0,0.0,38.54170500181413,8.182082855133876,46.72378785694801,7.429296679379781,0.0,0.0,7.429296679379781,7.095625345598561,109.92510145524703,0.0,117.3543981346268,-70.6306102776788,0.5,0,0.5,0.06661971860083793,0.002647508392399578,0.04203427900446988
234,2081.0,0.0,0.0,0.0,0.0,40.083373201886694,8.50936616933923,48.592739371225925,7.897282138554971,0.0,0.0,7.897282138554971,7.094308897899154,121.4736236457333,0.0,129.37090578428825,-80.77816641306234,0.5,0,0.5,0.0115654035915993,0.007383162404755561,-0.02973457372932009
235,2081.25,0.0,0.0,0.0,0.0,40.083373201886694,8.50936616933923,48.592739371225925,7.897282138554971,0.0,0.0,7.897282138554971,7.18390333600569,111.2927000218467,0.0,119.18998216040167,-70.59724278917574,0.5,0,0.5,0.23228994333677777,0.014299800283273711,-0.04111048236088877
236,2081.5,0.0,0.0,0.0,0.0,40.083373201886694,8.50936616933923,48.592739371225925,7.897282138554971,0.0,0.0,7.897282138554971,7.16557651471489,122.69391667043746,0.0,130.59119880899243,-81.99845943776651,0.5,0,0.5,-0.03652058673201697,0.0025195305815188807,-0.0896123824788857
237,2081.75,0.0,0.0,0.0,0.0,40.083373201886694,8.50936616933923,48.592739371225925,7.897282138554971,0.0,0.0,7.897282138554971,7.154201383656628,110.83255874234483,0.0,118.7298408808998,-70.13710150967387,0.5,0,0.5,0.009730121676842618,-0.004253797370757928,0.09660865464895729
238,2082.0,0.0,0.0,0.0,0.0,41.68670812996216,8.8497408161128,50.53644894607496,8.383987016097171,0.0,0.0,8.383987016097171,7.2019996714948915,123.31757894711022,0.0,131.7015659632074,-81.16511701713245,0.5,0,0.5,-0.08071779831647186,0.013414777788192334,0.11939524697599158
239,2082.25,0.0,0.0,0.0,0.0,41.68670812996216,8.8497408161128,50.53644894607496,8.383987016097171,0.0,0.0,8.383987016097171,7.363087947433155,114.06861977958887,0.0,122.45260679568604,-71.91615784961107,0.5,0,0.5,-0.05890553488728201,-0.0022258100031349315,0.10518321009569132
240,2082.5,0.0,0.0,0.0,0.0,41.68670812996216,8.8497408161128,50.53644894607496,8.383987016097171,0.0,0.0,8.383987016097171,7.4130246098945705,114.84223625735464,0.0,123.22622327345181,-72.68977432737685,0.5,0,0.5,-0.046124467261011715,-0.002292430996975847,-0.07469872357214813
241,2082.75,0.0,0.0,0.0,0.0,41.68670812996216,8.8497408161128,50.53644894607496,8.383987016097171,0.0,0.0,8.383987016097171,7.512051351462857,116.3763539825004,0.0,124.76034099859757,-74.22389205252261,0.5,0,0.5,-0.09458066418541655,-0.01480683358997592,0.02183207424808553
242,2083.0,0.0,0.0,0.0,0.0,43.35417645516065,9.203730448757312,52.55790690391796,8.914886599203745,0.0,0.0,8.914886599203745,7.569306027785378,117.26334079437379,0.0,126.17822739357753,-73.62032048965958,0.5,0,0.5,-0.060043992021139525,0.019577856065241095,-0.09345948449264618
243,2083.25,0.0,0.0,0.0,0.0,43.35417645516065,9.203730448757312,52.55790690391796,8.914886599203745,0.0,0.0,8.914886599203745,7.648736314228315,118.49387113815462,0.0,127.40875773735836,-74.8508508334404,0.5,0,0.5,0.005664524289240358,0.02906660891428503,0.084843887584088
244,2083.5,0.0,0.0,0.0,0.0,43.35417645516065,9.203730448757312,52.55790690391796,8.914886599203745,0.0,0.0,8.914886599203745,7.736027393613708,132.46156794824594,0.0,141.3764545474497,-88.81854764353173,0.5,0,0.5,0.2327858923006858,-0.021253208554193437,0.012512600515822037
245,2083.75,0.0,0.0,0.0,0.0,43.35417645516065,9.203730448757312,52.55790690391796,8.914886599203745,0.0,0.0,8.914886599203745,7.982502136625378,136.68187757976546,0.0,145.5967641789692,-93.03885727505124,0.5,0,0.5,0.04006423459910846,-0.008936916806022266,0.10850027012577157
246,2084.0,0.0,0.0,0.0,0.0,45.08834351336707,9.571879666707606,54.66022318007468,9.474943655171897,0.0,0.0,9.474943655171897,8.103631443747547,138.75593667101595,0.0,148.23088032618784,-93.57065714611316,0.5,0,0.5,0.10836733806403354,0.002349763175834907,-0.045673547887030264
247,2084.25,0.0,0.0,0.0,0.0,45.08834351336707,9.571879666707606,54.66022318007468,9.474943655171897,0.0,0.0,9.474943655171897,8.442588623497146,144.55979402731387,0.0,154.03473768248577,-99.37451450241109,0.5,0,0.5,-0.032728537507306865,0.0049099955963387565,0.012082404582568707
248,2084.5,0.0,0.0,0.0,0.0,45.08834351336707,9.571879666707606,54.66022318007468,9.474943655171897,0.0,0.0,9.474943655171897,8.406432285509434,130.23206227122702,0.0,139.70700592639892,-85.04678274632424,0.5,0,0.5,0.0039087765727336965,0.02951280823268565,0.05435451854846196
249,2084.75,0.0,0.0,0.0,0.0,45.08834351336707,9.571879666707606,54.66022318007468,9.474943655171897,0.0,0.0,9.474943655171897,8.515060113552721,145.80070059548763,0.0,155.27564425065952,-100.61542107058484,0.5,0,0.5,-0.019768966445286695,0.009795658231052329,-0.02238228590885838
250,2085.0,0.0,0.0,0.0,0.0,46.891877253901754,9.95475485337591,56.846632107277664,10.057402993378771,0.0,0.0,10.057402993378771,8.458978577606342,131.0461070112629,0.0,141.10351000464166,-84.256877897364,0.5,0,0.5,-0.057335424792454126,0.025049898279153382,-0.03282233787736755
251,2085.25,0.0,0.0,0.0,0.0,46.891877253901754,9.95475485337591,56.846632107277664,10.057402993378771,0.0,0.0,10.057402993378771,8.678940127679025,134.45374122675761,0.0,144.51114422013637,-87.66451211285872,0.5,0,0.5,-0.05015219801587545,0.01036114181976533,0.05371685571524676
252,2085.5,0.0,0.0,0.0,0.0,46.891877253901754,9.95475485337591,56.846632107277664,10.057402993378771,0.0,0.0,10.057402993378771,8.704669420743771,134.85233825136916,0.0,144.90974124474792,-88.06310913747026,0.5,0,0.5,-0.05494896707045971,0.00869715864912668,0.07121831458133854
253,2085.75,0.0,0.0,0.0,0.0,46.891877253901754,9.95475485337591,56.846632107277664,10.057402993378771,0.0,0.0,10.057402993378771,8.722962632306356,135.13573584340898,0.0,145.19313883678774,-88.34650672951008,0.5,0,0.5,-0.011734358261376254,0.030374361333855626,-0.03942494296121257
254,2086.0,0.0,0.0,0.0,0.0,48.767552344057826,10.352945047510946,59.120497391568776,10.663160705113922,0.0,0.0,10.663160705113922,9.003274576963182,139.47831559568309,0.0,150.141476300797,-91.02097890922822,0.5,0,0.5,0.06474763093364944,-0.0033898088225370326,-0.024887194389867306
255,2086.25,0.0,0.0,0.0,0.0,48.767552344057826,10.352945047510946,59.120497391568776,10.663160705113922,0.0,0.0,10.663160705113922,9.028361100280831,139.86695486094004,0.0,150.53011556605395,-91.40961817448517,0.5,0,0.5,0.1703772994919075,-0.008782982065924427,0.04000092528641486
256,2086.5,0.0,0.0,0.0,0.0,48.767552344057826,10.352945047510946,59.120497391568776,10.663160705113922,0.0,0.0,10.663160705113922,9.093825992005625,155.71072699975085,0.0,166.37388770486476,-107.25339031329598,0.5,0,0.5,-0.013018905645844958,0.011594452044106252,0.14205344523344188
257,2086.75,0.0,0.0,0.0,0.0,48.767552344057826,10.352945047510946,59.120497391568776,10.663160705113922,0.0,0.0,10.663160705113922,9.134723093283174,156.4109952232365,0.0,167.07415592835042,-107.95365853678165,0.5,0,0.5,-0.018450667318586023,0.019237083283745182,-0.1518816244482104
258,2087.0,0.0,0.0,0.0,0.0,50.71825443782014,10.767062849411385,61.485317287231524,11.29314872531848,0.0,0.0,11.29314872531848,9.179970265946988,142.21567708141853,0.0,153.508825806737,-92.02350851950548,0.5,0,0.5,0.03377186116822317,0.01240730443653315,0.08521651079856851
259,2087.25,0.0,0.0,0.0,0.0,50.71825443782014,10.767062849411385,61.485317287231524,11.29314872531848,0.0,0.0,11.29314872531848,9.175622158921055,157.11129708184737,0.0,168.40444580716584,-106.91912851993432,0.5,0,0.5,0.08535737476448868,0.002496487525371238,-0.0023365966910122715
260,2087.5,0.0,0.0,0.0,0.0,50.71825443782014,10.767062849411385,61.485317287231524,11.29314872531848,0.0,0.0,11.29314872531848,9.757379484665124,167.0725450987628,0.0,178.36569382408126,-116.88037653684974,0.5,0,0.5,0.0815874408361581,0.011290973668924398,-0.010703264574298155
261,2087.75,0.0,0.0,0.0,0.0,50.71825443782014,10.767062849411385,61.485317287231524,11.29314872531848,0.0,0.0,11.29314872531848,9.857940143429653,168.79441368274095,0.0,180.08756240805943,-118.6022451208279,0.5,0,0.5,-0.16969850312122903,0.00935630661779352,0.23880256609132844
262,2088.0,0.0,0.0,0.0,0.0,52.74698461533295,11.19774536338784,63.94472997872079,11.948336266331218,0.0,0.0,11.948336266331218,10.074167091565403,172.4967998204077,0.0,184.4451360867389,-120.50040610801811,0.5,0,0.5,0.11568010041446541,0.01153028176336135,0.0058285777302449215
263,2088.25,0.0,0.0,0.0,0.0,52.74698461533295,11.19774536338784,63.94472997872079,11.948336266331218,0.0,0.0,11.948336266331218,10.047058868355231,172.03263422636198,0.0,183.9809704926932,-120.0362405139724,0.5,0,0.5,-0.015940704257454086,-0.000327347683536372,-0.009410919772803616
264,2088.5,0.0,0.0,0.0,0.0,52.74698461533295,11.19774536338784,63.94472997872079,11.948336266331218,0.0,0.0,11.948336266331218,10.17636193784908,157.6517310285088,0.0,169.60006729484002,-105.65533731611923,0.5,0,0.5,-0.005037847634474901,0.0006695640878870979,0.052370840127817564
265,2088.75,0.0,0.0,0.0,0.0,52.74698461533295,11.19774536338784,63.94472997872079,11.948336266331218,0.0,0.0,11.948336266331218,10.139531363726567,157.08115346840927,0.0,169.02948973474048,-105.0847597560197,0.5,0,0.5,0.0021153349981539726,0.013971330754057654,0.10103906387841821
266,2089.0,0.0,0.0,0.0,0.0,54.85686399994627,11.645655177923354,66.50251917786963,12.62973130898447,0.0,0.0,12.62973130898447,10.311068309860703,176.55318499429555,0.0,189.18291630328002,-122.6803971254104,0.5,0,0.5,0.11688835346188697,0.0012720148279024013,0.0006376200063633597
267,2089.25,0.0,0.0,0.0,0.0,54.85686399994627,11.645655177923354,66.50251917786963,12.62973130898447,0.0,0.0,12.62973130898447,10.281818228036832,176.0523450277511,0.0,188.68207633673558,-122.17955715886595,0.5,0,0.5,0.08794193754781499,0.01189892921913871,0.035488490655203764
268,2089.5,0.0,0.0,0.0,0.0,54.85686399994627,11.645655177923354,66.50251917786963,12.62973130898447,0.0,0.0,12.62973130898447,10.53194079471914,180.33511519856634,0.0,192.96484650755082,-126.46232732968119,0.5,0,0.5,-0.03938843188217578,-0.004570692624650818,0.013142163908788307
269,2089.75,0.0,0.0,0.0,0.0,54.85686399994627,11.645655177923354,66.50251917786963,12.62973130898447,0.0,0.0,12.62973130898447,10.605984993996252,164.30743165168022,0.0,176.9371629606647,-110.43464378279506,0.5,0,0.5,-0.03172932706670939,0.036621573647994454,0.034025378862386324
