,Time,Net Worth,Job Income,Tax Deferred,Pension,His SS,Her SS,Total Income,Income Taxes,Medicare Taxes,SS Taxes,Total Taxes,Inflation,Spending,Kid Costs,Total Costs,Contributions,Stock Returns,Bond Returns,Real Estate Returns
0,2022.5,1245.0,75.48375,19.7625,0.0,0.0,0.0,75.48375,12.197001499999999,1.0945143750000002,2.2509629836500005,15.542478858649998,1.006156927062113,19.078747650951787,0.0,34.62122650960178,40.86252349039822,-0.04349466128167068,-0.00711632032761611,0.07386696839589302
1,2022.75,1319.9308644595649,75.48375,19.7625,0.0,0.0,0.0,75.48375,12.197001499999999,1.0945143750000002,2.2509629836500005,15.542478858649998,1.0160424667343213,20.229507116927017,0.0,35.77198597557702,39.71176402442298,-0.0057067085099502535,-0.004794788638059266,0.09124897486053563
2,2023.0,1429.9368198013135,76.993425,20.15775,0.0,0.0,0.0,76.993425,12.568105025000001,1.1164046625000001,2.3184918731595006,16.003001560659502,1.0355814964277714,20.618531152026577,0.0,36.621532712686076,40.371892287313926,0.019367827673747673,-0.01736232133940596,-0.06914151125789936
3,2023.25,1421.3847954951157,76.993425,20.15775,0.0,0.0,0.0,76.993425,12.568105025000001,1.1164046625000001,2.3184918731595006,16.003001560659502,1.0341853533159546,18.629711536098277,0.0,34.63271309675778,42.36071190324222,0.026738135774795113,0.0007016232209879902,-0.03978709943278924
4,2023.5,1444.7368186803733,76.993425,20.15775,0.0,0.0,0.0,76.993425,12.568105025000001,1.1164046625000001,2.3184918731595006,16.003001560659502,1.0384278532570983,18.706135505788048,0.0,34.70913706644755,42.28428793355245,0.028496571739280885,0.029551255700412726,-0.029021750899151932
5,2023.75,1478.2046921606448,76.993425,20.15775,0.0,0.0,0.0,76.993425,12.568105025000001,1.1164046625000001,2.3184918731595006,16.003001560659502,1.0486362134199325,18.890027884925328,0.0,34.89302944558483,42.10039555441517,-0.02273418739353661,0.002471656181058046,0.06746134623802158
6,2024.0,1567.3564030051373,78.5332935,20.560905,0.0,0.0,0.0,78.5332935,12.946630620499997,1.13873275575,2.3880466293542852,16.473410005604283,1.0671368049052747,21.246800499344516,0.0,37.720210504948795,40.813082995051204,0.07494060754776188,-0.0008740715242246955,0.039496015121751826
7,2024.25,1693.3908394408302,78.5332935,20.560905,0.0,0.0,0.0,78.5332935,12.946630620499997,1.13873275575,2.3880466293542852,16.473410005604283,1.0809179369346842,21.521184216163263,0.0,37.99459422176754,40.53869927823246,-0.0001145746780581991,0.0016169908798358001,0.031037939794313463
8,2024.5,1765.764090959222,78.5332935,20.560905,0.0,0.0,0.0,78.5332935,12.946630620499997,1.13873275575,2.3880466293542852,16.473410005604283,1.0948285521215828,19.722132055062982,0.0,36.195542060667265,42.337751439332735,0.049607511501577495,-0.008279537167169337,-0.1146961680831573
9,2024.75,1720.587343137661,0.0,0.0,0.0,0.0,0.0,0.0,0.0,0.0,0.0,0.0,1.0983796633378837,17.016047218965983,0.0,17.016047218965983,-17.016047218965983,0.07379219944851467,0.021312578384343528,0.06663639811780131
10,2025.0,1822.5586148532157,0.0,0.0,0.0,0.0,0.0,0.0,0.0,0.0,0.0,0.0,1.1085994298435937,18.982199936990888,0.0,18.982199936990888,-18.982199936990888,0.0722387611558033,0.02707988086495372,0.1030128102385901
11,2025.25,1968.027423299409,0.0,0.0,0.0,0.0,0.0,0.0,0.0,0.0,0.0,0.0,1.111284637757977,19.028177908953587,0.0,19.028177908953587,-19.028177908953587,-0.04449976660010968,-0.009170273722692301,-0.03244128875014307
12,2025.5,1876.0158729255409,0.0,0.0,0.0,0.0,0.0,0.0,0.0,0.0,0.0,0.0,1.1373381482624703,17.619590275327372,0.0,17.619590275327372,-17.619590275327372,0.01205646902669888,-0.005794436257684832,-0.03874897157059887
13,2025.75,1823.9896584127475,0.0,0.0,0.0,0.0,0.0,0.0,0.0,0.0,0.0,0.0,1.1561031795828027,17.910297277350523,0.0,17.910297277350523,-17.910297277350523,0.024103749934784258,-0.007569250753927448,-0.11059280211211209
14,2026.0,1703.1411648943772,0.0,0.0,0.0,0.0,0.0,0.0,0.0,0.0,0.0,0.0,1.1845850689878412,18.351537397846467,2.202184487741576,20.553721885588043,-20.553721885588043,0.09845064239372792,-0.006100508043081043,0.04122704233941188
15,2026.25,1791.1279472929016,0.0,0.0,0.0,0.0,0.0,0.0,0.0,0.0,0.0,0.0,1.216430618855464,20.828559527447794,2.4994271432937354,23.32798667074153,-23.32798667074153,-0.019388972541211746,0.03397938036577042,0.016809144756193994
16,2026.5,1771.9459298399177,0.0,0.0,0.0,0.0,0.0,0.0,0.0,0.0,0.0,0.0,1.2275296793645907,19.01683332635099,2.282019999162119,21.29885332551311,-21.29885332551311,-0.07465244448069563,0.01777833275542795,0.13399365759332205
17,2026.75,1839.6545770876355,0.0,0.0,0.0,0.0,0.0,0.0,0.0,0.0,0.0,0.0,1.2440098468908842,21.300789989220693,2.556094798706483,23.856884787927175,-23.856884787927175,-0.015930820800150625,0.03229800779736047,0.06578916373486043
18,2027.0,1876.297565652993,0.0,0.0,0.0,0.0,0.0,0.0,0.0,0.0,0.0,0.0,1.2647773209316195,21.656384926233354,2.5987661911480022,24.255151117381356,-24.255151117381356,0.03191638809861641,-0.003992861115557966,-0.05208853728381091
19,2027.25,1817.580310870436,0.0,0.0,0.0,0.0,0.0,0.0,0.0,0.0,0.0,0.0,1.3565096393449152,21.01498493328802,2.5217981919945625,23.536783125282582,-23.536783125282582,-0.00016353522570922152,0.015913285547074496,0.02232493620506082
20,2027.5,1818.1141837393593,0.0,0.0,0.0,0.0,0.0,0.0,0.0,0.0,0.0,0.0,1.4109744121568935,21.858750688311634,2.623050082597396,24.48180077090903,-24.48180077090903,-0.011259546174449575,0.01991145997618382,-0.026011956485208154
21,2027.75,1757.3144791621578,0.0,0.0,0.0,0.0,0.0,0.0,0.0,0.0,0.0,0.0,1.424450031950471,22.06751437027523,2.6481017244330274,24.715616094708256,-24.715616094708256,0.007776858907006634,0.009922226560489467,-0.039677419214656506
22,2028.0,1696.4857493887491,0.0,0.0,0.0,0.0,0.0,0.0,0.0,0.0,0.0,0.0,1.4182477550635952,21.971428982048486,2.6365714778458185,24.608000459894306,-24.608000459894306,0.08393478117661535,-0.007549948126511774,0.014409740468267707
23,2028.25,1742.983492703835,0.0,0.0,0.0,0.0,0.0,0.0,0.0,0.0,0.0,0.0,1.4152190576153987,24.232351544764384,2.907882185371726,27.14023373013611,-27.14023373013611,0.11468807522131463,0.02388135817024084,-0.060136039648369555
24,2028.5,1732.7804527057601,0.0,0.0,0.0,0.0,0.0,0.0,0.0,0.0,0.0,0.0,1.4479680959305576,22.431855135623792,2.691822616274855,25.123677751898647,-25.123677751898647,-0.03289743653672794,0.003848766286850047,-0.11836025327216348
25,2028.75,1562.857155392924,0.0,0.0,0.0,0.0,0.0,0.0,0.0,0.0,0.0,0.0,1.4404355384839405,22.315161102158438,2.6778193322590123,24.99298043441745,-24.99298043441745,-0.06140789191147411,0.0009283090980809483,-0.09862540822538268
26,2029.0,1408.0394507984236,0.0,0.0,0.0,0.0,0.0,0.0,0.0,0.0,0.0,0.0,1.438279983898708,22.28176734967953,2.6738120819615436,24.955579431641073,-24.955579431641073,0.05831804224880788,-0.010150380416021343,0.009235761615161042
27,2029.25,1423.3718858241255,0.0,0.0,0.0,0.0,0.0,0.0,0.0,0.0,0.0,0.0,1.4369886466907411,24.605105382850503,2.95261264594206,27.557718028792564,-27.557718028792564,-0.09958411534413325,0.020496773089737408,-0.0723641685038654
28,2029.5,1278.4625215789308,0.0,0.0,0.0,0.0,0.0,0.0,0.0,0.0,0.0,0.0,1.435723069222127,22.24215574512801,2.669058689415361,24.91121443454337,-24.91121443454337,-0.09144042243247208,-0.021002749107108087,-0.013221964330394465
29,2029.75,1197.2021653654897,0.0,0.0,0.0,0.0,0.0,0.0,0.0,0.0,0.0,0.0,1.4426712089716776,22.349796006513618,2.681975520781634,25.031771527295252,-25.031771527295252,-0.10938322454415139,-0.003000052585574453,0.000807495735257957
30,2030.0,1120.9104491748074,0.0,0.0,0.0,0.0,0.0,0.0,0.0,0.0,0.0,0.0,1.4886877395392704,23.06268198130636,2.767521837756763,25.830203819063122,-25.830203819063122,-0.07935781181405199,0.027567921951906715,-0.02337591186357224
31,2030.25,1044.3687699023424,0.0,0.0,0.0,0.0,0.0,0.0,0.0,0.0,0.0,0.0,1.5026604064672875,23.279145894612522,2.7934975073535027,26.072643401966026,-26.072643401966026,-0.009274225221465593,-0.013278210696680115,0.07471936147061231
32,2030.5,1060.7065039353638,0.0,0.0,0.0,0.0,0.0,0.0,0.0,0.0,0.0,0.0,1.5145785824333546,25.93365348933145,3.112038418719774,29.045691908051225,-29.045691908051225,-0.001877941259152971,-0.0035977139648216694,0.028686184679254323
33,2030.75,1048.8815540176852,0.0,0.0,0.0,0.0,0.0,0.0,0.0,0.0,0.0,0.0,1.579441527427857,24.468635488602104,2.936236258632252,27.404871747234356,-27.404871747234356,0.06072240813306351,-0.00417364971730827,0.003153830901272636
34,2031.0,1048.5789777662512,0.0,0.0,0.0,0.0,0.0,0.0,0.0,0.0,0.0,0.0,1.5838130870572382,27.11913417237176,3.254296100684611,30.37343027305637,-30.37343027305637,-0.0032489485947776453,-0.00400131516899882,0.057525821897528306
35,2031.25,1052.5306157075777,0.0,0.0,0.0,0.0,0.0,0.0,0.0,0.0,0.0,0.0,1.5924655712066713,27.267287941582477,3.2720745529898974,30.539362494572373,-30.539362494572373,0.08936508100677676,0.01019992520384938,-0.052544245719098104
36,2031.5,1026.3679601372273,0.0,0.0,0.0,0.0,0.0,0.0,0.0,0.0,0.0,0.0,1.5981512451106494,24.75848557429691,2.971018268915629,27.729503843212537,-27.729503843212537,-0.04421484573185319,-0.02080655006396126,0.2176986685429081
37,2031.75,1112.9837472266888,0.0,0.0,0.0,0.0,0.0,0.0,0.0,0.0,0.0,0.0,1.5984317901452,27.36944563507416,3.284333476208899,30.65377911128306,-30.65377911128306,-0.08414199397233146,0.01922374214683864,0.037259167488139955
38,2032.0,1069.9250218573502,0.0,0.0,0.0,0.0,0.0,0.0,0.0,0.0,0.0,0.0,1.5977037769779696,24.75155341856897,2.9701864102282762,27.721739828797247,-27.721739828797247,0.06150691711241829,-0.001102495501852374,-0.028840555855675798
39,2032.25,1049.9108958353609,0.0,0.0,0.0,0.0,0.0,0.0,0.0,0.0,0.0,0.0,1.6005910091480737,24.79628228653554,2.9755538743842647,27.771836160919804,-27.771836160919804,0.12872135744475433,-0.013021131325056001,-0.02126109012908184
40,2032.5,1062.266264010938,0.0,0.0,0.0,0.0,0.0,0.0,0.0,0.0,0.0,0.0,1.616971149881162,27.686889270474083,3.32242671245689,31.00931598293097,-31.00931598293097,-0.0270174453928671,0.022758994995822235,0.02302917608777766
41,2032.75,1034.408252624183,0.0,0.0,0.0,0.0,0.0,0.0,0.0,0.0,0.0,0.0,1.623710387280612,25.15444662907343,3.0185335954888113,28.17298022456224,-28.17298022456224,0.011897008300081113,-0.009032543134909976,0.03369497268505062
42,2033.0,1031.7186113412445,0.0,0.0,0.0,0.0,0.0,0.0,0.0,0.0,0.0,0.0,1.6464293360447637,25.506407538256024,3.0607689045907227,28.567176442846748,-28.567176442846748,0.10107186031414916,0.007194110682527066,-0.008898702755887222
43,2033.25,1038.85274400609,0.0,0.0,0.0,0.0,0.0,0.0,0.0,0.0,0.0,0.0,1.680739778873508,28.778779481360516,3.4534535377632616,32.232233019123775,-32.232233019123775,0.13713901875265222,0.006570615566556137,0.013692204668220853
44,2033.5,1071.1254615370956,0.0,0.0,0.0,0.0,0.0,0.0,0.0,0.0,0.0,0.0,1.7188553750236433,29.43142086594209,3.5317705039130507,32.96319136985514,-32.96319136985514,0.05106986051483786,0.020531943461230107,0.020546862821817502
45,2033.75,1072.7082499185217,0.0,0.0,0.0,0.0,0.0,0.0,0.0,0.0,0.0,0.0,1.7510420857844746,29.982543807672627,3.5979052569207153,33.580449064593346,-33.580449064593346,0.09165398022910498,0.009701460384549998,-0.0038826318135791738
46,2034.0,1075.3795922321126,0.0,0.0,0.0,0.0,0.0,0.0,0.0,0.0,0.0,0.0,1.7608369625676437,30.150258407239523,3.6180310088687424,33.76828941610827,-33.76828941610827,-0.10976944419870183,-0.00108561988959599,-0.007226839249410366
47,2034.25,990.5453741640822,0.0,0.0,0.0,0.0,0.0,0.0,0.0,0.0,0.0,0.0,1.7580035546582202,27.23491020060164,3.268189224072197,30.503099424673835,-30.503099424673835,-0.1592637904954861,0.00880932174407345,0.01236195638268689
48,2034.5,905.1446020387045,0.0,0.0,0.0,0.0,0.0,0.0,0.0,0.0,0.0,0.0,1.7651517284798277,27.345649380629986,3.281477925675598,30.627127306305585,-30.627127306305585,-0.007953954967479193,0.005723007942089797,0.05604041505031221
49,2034.75,901.6063047586713,0.0,0.0,0.0,0.0,0.0,0.0,0.0,0.0,0.0,0.0,1.7627162545732833,30.1824369341544,3.621892432098528,33.80432936625293,-33.80432936625293,-0.008327829101277828,0.015059436811805549,0.043374880602324195
50,2035.0,887.8792713054168,0.0,0.0,0.0,0.0,0.0,0.0,0.0,0.0,0.0,0.0,1.7642870645567683,27.33225404690849,3.2798704856290186,30.612124532537507,-30.612124532537507,-0.08039946888519334,0.010662448691873383,0.01631704921039434
51,2035.25,837.7480697397389,0.0,0.0,0.0,0.0,0.0,0.0,0.0,0.0,0.0,0.0,1.8191813111283524,28.18267318966012,3.3819207827592144,31.564593972419335,-31.564593972419335,-0.0005468252246632055,0.0007537322960826653,-0.018464131899982417
52,2035.5,796.8975564527437,0.0,0.0,0.0,0.0,0.0,0.0,0.0,0.0,0.0,0.0,1.8596903033226737,28.810236633320915,3.4572283959985097,32.267465029319425,-32.267465029319425,0.03577606753402307,7.584471341570698e-05,-0.05544046079838605
53,2035.75,749.8316114364543,0.0,0.0,0.0,0.0,0.0,0.0,0.0,0.0,0.0,0.0,1.8944915244737373,29.349375550537015,3.521925066064442,32.87130061660146,-32.87130061660146,0.11552754209215643,0.02947021519104931,-0.07525444724014052
54,2036.0,717.7364993299225,0.0,0.0,0.0,0.0,0.0,0.0,0.0,0.0,0.0,0.0,1.915653521119749,29.677216229125186,3.561265947495022,33.23848217662021,-33.23848217662021,-0.019033867669724258,0.020532574572577733,-0.04431139150986374
55,2036.25,660.5195391130102,0.0,0.0,0.0,0.0,0.0,0.0,0.0,0.0,0.0,0.0,1.9685933566046372,30.49735772522464,3.6596829270269566,34.157040652251595,-34.157040652251595,-0.06725096128734398,0.0078057895614149775,-0.028782450107725843
56,2036.5,597.9418022304096,0.0,0.0,0.0,0.0,0.0,0.0,0.0,0.0,0.0,0.0,1.9950884659920822,30.907818741079907,3.708938248929589,34.6167569900095,-34.6167569900095,0.06649157427786156,0.0071539869382681864,0.048748441349035554
57,2036.75,595.7509220507578,0.0,0.0,0.0,0.0,0.0,0.0,0.0,0.0,0.0,0.0,2.031165184184454,34.77900366292258,4.173480439550709,38.952484102473285,-38.952484102473285,-0.027775935856219403,0.006924992119863305,-0.07399505096870307
58,2037.0,524.81092593827,0.0,0.0,0.0,0.0,0.0,0.0,0.0,0.0,0.0,0.0,2.060471743244958,31.920733464650702,3.830488015758084,35.75122148040879,-35.75122148040879,0.08502792417657856,0.0046729902945226165,0.0832066983448132
59,2037.25,531.6094157863085,0.0,0.0,0.0,0.0,0.0,0.0,0.0,0.0,0.0,0.0,2.088861466991742,35.766918996798964,4.292030279615876,40.058949276414836,-40.058949276414836,-0.06920831696726681,0.01790606520442184,0.09232215342216832
60,2037.5,505.72632891009164,0.0,0.0,0.0,0.0,0.0,0.0,0.0,0.0,0.0,0.0,2.084780165978016,35.69703616106946,4.283644339328335,39.980680500397796,-39.980680500397796,0.012362308708450787,0.008706254066709329,-0.012414583280736191
61,2037.75,464.5294497765397,0.0,0.0,0.0,0.0,0.0,0.0,0.0,0.0,0.0,0.0,2.1216867365387144,32.86907332486789,3.9442887989841466,36.81336212385204,-36.81336212385204,0.035179550394711434,-0.008174797307933246,0.012896971959941217
62,2038.0,437.4460267256595,0.0,0.0,0.0,0.0,0.0,0.0,0.0,0.0,0.0,0.0,2.1214316879842663,32.86512212439461,3.943814654927353,36.80893677932196,-36.80893677932196,-0.10898216270492878,0.01342574662730378,0.10640212522612158
63,2038.25,409.12201524906686,0.0,0.0,0.0,0.0,0.0,0.0,0.0,0.0,0.0,0.0,2.1222211585603294,32.87735256624333,3.9452823079491997,36.82263487419253,-36.82263487419253,-0.07679827544396967,0.005290329699785046,-0.014591588589096594
64,2038.5,356.8763634031879,0.0,0.0,0.0,0.0,0.0,0.0,0.0,0.0,0.0,0.0,2.1525608760537094,33.34737407402377,4.001684888882852,37.34905896290662,-37.34905896290662,-0.06242730716944456,-0.012333963754973531,0.02686649022869858
65,2038.75,316.53387029151236,0.0,0.0,0.0,0.0,0.0,0.0,0.0,0.0,0.0,0.0,2.1709196792927274,33.631787809297684,4.035814537115722,37.6676023464134,-37.6676023464134,0.05477631122076865,0.021219962768196154,0.17774605463926418
66,2039.0,317.1380402506555,0.0,0.0,0.0,0.0,0.0,0.0,0.0,0.0,0.0,0.0,2.183565592369829,37.38850799855258,4.48662095982631,41.875128958378895,-41.875128958378895,0.021511188850812157,0.002619025240444328,0.016941961928034655
67,2039.25,280.8224913512363,0.0,0.0,0.0,0.0,0.0,0.0,0.0,0.0,0.0,0.0,2.1770040779139523,33.72604703285536,4.0471256439426435,37.773172676798005,-37.773172676798005,0.0879450519389493,-0.011250657048968549,0.037530361645619514
68,2039.5,258.1620349287128,0.0,0.0,0.0,0.0,0.0,0.0,0.0,0.0,0.0,0.0,2.211514765523284,37.867072914418834,4.54404874973026,42.41112166414909,-42.41112166414909,-0.03282858025367463,0.01695788805196141,0.13127848540339082
69,2039.75,231.30370762952066,0.0,0.0,0.0,0.0,0.0,0.0,0.0,0.0,0.0,0.0,2.2142945997255077,37.91467114259556,4.549760537111466,42.464431679707026,-42.464431679707026,-0.13006489209181304,0.013180184013528384,-0.014986413145584576
70,2040.0,176.0211746856964,0.0,0.0,0.0,0.0,0.0,0.0,0.0,0.0,0.0,0.0,2.230429792515184,34.55371574587478,4.146445889504974,38.70016163537976,-38.70016163537976,-0.0767639988602482,0.01445234282889274,0.05844881276356784
71,2040.25,138.0046768404423,0.0,0.0,0.0,0.0,0.0,0.0,0.0,0.0,0.0,0.0,2.408147456289723,37.3069096180574,4.476829154166888,41.78373877222428,-41.78373877222428,-0.023275514032780942,0.01607941878224861,0.014093351241022845
72,2040.5,96.12090090905507,0.0,0.0,0.0,0.0,0.0,0.0,0.0,0.0,0.0,0.0,2.4163951734214515,37.43468287246716,4.492161944696059,41.926844817163214,-41.926844817163214,0.09856565688955032,0.0011858390613666003,0.011524649764904638
73,2040.75,57.6769327574752,0.0,0.0,0.0,0.0,0.0,0.0,0.0,0.0,0.0,0.0,2.409079229470175,41.24990719533976,4.949988863440771,46.19989605878053,-46.19989605878053,0.08064115102989611,0.004363065274238576,-0.09847458243673857
74,2041.0,10.549395357929242,0.0,0.0,0.0,0.0,0.0,0.0,0.0,0.0,0.0,0.0,2.426139149246189,37.58563609772109,4.510276331726531,42.09591242944762,-42.09591242944762,0.03539185965086866,0.006724894383298929,-0.020066307177542653
75,2041.25,0.0,0.0,0.0,0.0,0.0,0.0,0.0,0.0,0.0,0.0,0.0,2.4346166582859565,37.71696927779976,4.526036313335971,42.243005591135734,-42.243005591135734,-0.07923824748279273,-0.006085083092042365,-0.08335740386575796
76,2041.5,0.0,0.0,0.0,0.0,0.0,0.0,0.0,0.0,0.0,0.0,0.0,2.43893760039366,37.783909114168964,4.534069093700276,42.31797820786924,-42.31797820786924,-0.07662919725532957,0.0038032746621530222,0.07556552530831762
77,2041.75,0.0,0.0,0.0,0.0,0.0,0.0,0.0,0.0,0.0,0.0,0.0,2.4320856419172987,37.67775888864327,4.521331066637192,42.199089955280456,-42.199089955280456,0.04886614332070849,-0.007104862618221852,0.08578102263033638
78,2042.0,0.0,0.0,0.0,0.0,0.0,0.0,0.0,0.0,0.0,0.0,0.0,2.4786679218263887,42.441452523705806,5.092974302844697,47.5344268265505,-47.5344268265505,0.018068371230505642,0.014026692702841403,0.015797275475323946
79,2042.25,0.0,0.0,0.0,0.0,0.0,0.0,0.0,0.0,0.0,0.0,0.0,2.4879799837875853,38.54367146175802,4.625240575410962,43.16891203716898,-43.16891203716898,0.013631793257733227,-0.000883816836190765,-0.013454799864600187
80,2042.5,0.0,0.0,0.0,0.0,0.0,0.0,0.0,0.0,0.0,0.0,0.0,2.4914189580847443,38.59694789337679,4.631633747205215,43.22858164058201,-43.22858164058201,-0.11905145058073374,0.010004478510840409,0.05873335224391352
81,2042.75,0.0,0.0,0.0,0.0,0.0,0.0,0.0,0.0,0.0,0.0,0.0,2.5009274774998853,38.74425343876427,4.649310412651712,43.393563851415976,-43.393563851415976,0.023873394314894103,0.009185878132303538,0.004630923892728456
82,2043.0,0.0,0.0,0.0,0.0,0.0,0.0,0.0,0.0,0.0,0.0,0.0,2.4907376631886655,38.5863933041863,4.630367196502356,43.21676050068866,-43.21676050068866,0.11873291096245286,0.00825802261016162,0.06912312503406204
83,2043.25,0.0,0.0,0.0,0.0,0.0,0.0,0.0,0.0,0.0,0.0,0.0,2.5253019451658756,43.23995226226452,5.188794271471742,48.42874653373626,-48.42874653373626,0.06268079743505028,0.00983831511806299,0.029257809515935262
84,2043.5,0.0,0.0,0.0,0.0,0.0,0.0,0.0,0.0,0.0,0.0,0.0,2.5797097128255424,44.17155938386195,5.300587126063434,49.47214650992538,-49.47214650992538,0.20240861684089473,0.012968193776100811,0.0800641369017403
85,2043.75,0.0,0.0,0.0,0.0,0.0,0.0,0.0,0.0,0.0,0.0,0.0,2.5922731252360007,44.38667874965473,5.326401449958567,49.713080199613294,-49.713080199613294,0.15182523773421464,-0.009816880724260901,-0.22183386271189165
86,2044.0,0.0,0.0,0.0,0.0,0.0,0.0,0.0,0.0,0.0,0.0,0.0,2.6306120917781763,40.75332151767129,4.890398582120555,45.64372009979184,-45.64372009979184,0.10357394522692287,-0.004135974941781195,0.011637722708948806
87,2044.25,0.0,0.0,0.0,0.0,0.0,0.0,0.0,0.0,0.0,0.0,0.0,2.6426437333101034,45.249158855336646,5.429899062640398,50.67905791797704,-50.67905791797704,0.05765972585925172,0.0010751367870847073,0.030874573022348972
88,2044.5,0.0,0.0,0.0,0.0,0.0,0.0,0.0,0.0,0.0,0.0,0.0,2.6450895973718764,45.29103861766507,5.434924634119809,50.72596325178488,-50.72596325178488,0.10248403404802908,-0.009985868043805413,0.04713226541003768
89,2044.75,0.0,0.0,0.0,0.0,0.0,0.0,0.0,0.0,0.0,0.0,0.0,2.641024192812949,45.22142797193959,5.426571356632751,50.64799932857234,-50.64799932857234,0.12303901106783455,-0.021160425023531215,-0.07217882593678193
90,2045.0,0.0,0.0,0.0,0.0,0.0,0.0,0.0,0.0,0.0,0.0,0.0,2.651584018659915,41.07821764421455,4.929386117305746,46.00760376152029,-46.00760376152029,-0.0753764163621099,0.008092675881223865,0.06657889416400797
91,2045.25,0.0,0.0,0.0,0.0,0.0,0.0,0.0,0.0,0.0,0.0,0.0,2.7134986402427606,42.037396113703394,5.044487533644407,47.0818836473478,-47.0818836473478,0.034950246236611804,0.007126195449175476,0.07040800622818244
92,2045.5,0.0,0.0,0.0,0.0,0.0,0.0,0.0,0.0,0.0,0.0,0.0,2.700920735111285,46.24701765819972,5.549642118983966,51.796659777183685,-51.796659777183685,0.10853033625449027,0.009339688516625033,0.0739076289823899
93,2045.75,0.0,0.0,0.0,0.0,0.0,0.0,0.0,0.0,0.0,0.0,0.0,2.6867996966253784,46.00522755021163,5.520627306025395,51.525854856237025,-51.525854856237025,0.00449751730504655,-0.007691920803416408,0.041240971699236795
94,2046.0,0.0,0.0,0.0,0.0,0.0,0.0,0.0,0.0,0.0,0.0,0.0,2.708787132253499,46.38171150641714,5.5658053807700565,51.9475168871872,-51.9475168871872,-0.1336209353096861,-0.0058084343711870545,0.02604656561820584
95,2046.25,0.0,0.0,0.0,0.0,0.0,0.0,0.0,0.0,0.0,0.0,0.0,2.7443922144846367,42.51599794475413,5.101919753370495,47.61791769812463,-47.61791769812463,-0.048969965881055955,-0.0012651650298325379,0.07566830494177368
96,2046.5,0.0,0.0,0.0,0.0,0.0,0.0,0.0,0.0,0.0,0.0,0.0,2.748253922345424,47.05748896058909,5.64689867527069,52.70438763585978,-52.70438763585978,0.02226257407905008,0.01814947011270962,-0.13451245696811176
97,2046.75,0.0,0.0,0.0,0.0,0.0,0.0,0.0,0.0,0.0,0.0,0.0,2.73184377789736,42.32159814237212,5.078591777084654,47.40018991945677,-47.40018991945677,0.09598845435642334,0.026585060478616862,-0.11476675050512897
98,2047.0,0.0,0.0,0.0,0.0,0.0,0.0,0.0,0.0,0.0,0.0,0.0,2.8533142214463827,44.20341266619318,5.3044095199431816,49.507822186136366,-49.507822186136366,-0.05227668947401187,0.01425656659394825,0.08719518280937555
99,2047.25,0.0,0.0,0.0,0.0,0.0,0.0,0.0,0.0,0.0,0.0,0.0,3.004130058490863,51.43877569470069,6.172653083364082,57.61142877806477,-57.61142877806477,-0.030289267212574633,-0.02204793701756902,0.07744312224760885
100,2047.5,0.0,0.0,0.0,0.0,0.0,0.0,0.0,0.0,0.0,0.0,0.0,3.0350866580060067,51.96883582782625,6.23626029933915,58.2050961271654,-58.2050961271654,0.0214566907322864,0.007701500109934756,0.16666966670612693
101,2047.75,0.0,0.0,0.0,0.0,0.0,0.0,0.0,0.0,0.0,0.0,0.0,3.1151493165118174,53.33972358974648,6.400766830769577,59.74049042051605,-59.74049042051605,0.0042657101829739474,0.002857227777394611,0.03664912206124926
102,2048.0,0.0,0.0,0.0,0.0,0.0,0.0,0.0,0.0,0.0,0.0,0.0,3.1100024159293556,48.18001436746645,0.0,48.18001436746645,-48.18001436746645,0.08647802064679855,-0.007094693867748636,0.04155674503893203
103,2048.25,0.0,0.0,0.0,0.0,0.0,0.0,0.0,0.0,0.0,0.0,0.0,3.188554215245112,54.59661262161847,0.0,54.59661262161847,-54.59661262161847,0.0017610106178376217,0.01205379187019373,0.0650436771839964
104,2048.5,0.0,0.0,0.0,0.0,0.0,0.0,0.0,0.0,0.0,0.0,0.0,3.2307035548330783,55.31832252849059,0.0,55.31832252849059,-55.31832252849059,0.029244092139989908,0.0010133073743063825,0.11628813339170185
105,2048.75,0.0,0.0,0.0,0.0,0.0,0.0,0.0,0.0,0.0,0.0,0.0,3.4160389515840692,58.49176233174323,0.0,58.49176233174323,-58.49176233174323,-0.014560748702874049,0.009368710190694962,0.030383714983190258
106,2049.0,0.0,0.0,0.0,0.0,0.0,0.0,0.0,0.0,0.0,0.0,0.0,3.4173077186123075,52.94077398058681,0.0,52.94077398058681,-52.94077398058681,0.012074706089049148,-0.0038823079942134076,0.011783054312417995
107,2049.25,0.0,0.0,0.0,0.0,0.0,0.0,0.0,0.0,0.0,0.0,0.0,3.439765938264735,53.28869568636413,0.0,53.28869568636413,-53.28869568636413,0.057406913309608676,0.019602351251669425,0.04077457107549054
108,2049.5,0.0,0.0,0.0,0.0,0.0,0.0,0.0,0.0,0.0,0.0,0.0,3.5008796622905494,59.944463181187125,0.0,59.944463181187125,-59.944463181187125,0.0345347478261675,-0.003405380766165922,0.11106687348627187
109,2049.75,0.0,0.0,0.0,0.0,0.0,0.0,0.0,0.0,0.0,0.0,0.0,3.5083728682192827,60.07276699343817,0.0,60.07276699343817,-60.07276699343817,-0.013299053871311584,-0.007374081907795871,-0.0045464723273047625
110,2050.0,0.0,0.0,0.0,0.0,0.0,0.0,0.0,0.0,0.0,0.0,0.0,3.7050649611401694,57.3986959449953,0.0,57.3986959449953,-57.3986959449953,0.1748213409758841,0.021251459586804966,0.1665688402808876
111,2050.25,0.0,0.0,0.0,0.0,0.0,0.0,0.0,0.0,0.0,0.0,0.0,3.7521141201490034,64.24627191547768,0.0,64.24627191547768,-64.24627191547768,0.09272261958888639,0.0088963817941774,-0.07570725172283876
112,2050.5,0.0,0.0,0.0,0.0,0.0,0.0,0.0,0.0,0.0,0.0,0.0,3.7728287029084355,58.44848871533716,0.0,58.44848871533716,-58.44848871533716,0.04195320007286396,0.015466132917808517,-0.05158282836853434
113,2050.75,0.0,0.0,0.0,0.0,0.0,0.0,0.0,0.0,0.0,0.0,0.0,3.8087926765831046,59.00564094116234,0.0,59.00564094116234,-59.00564094116234,-0.004751991433404101,0.002127614026545155,0.06324992387808615
114,2051.0,0.0,0.0,0.0,0.0,0.0,0.0,0.0,0.0,0.0,0.0,0.0,3.8659782952079182,66.1959324316605,0.0,66.1959324316605,-66.1959324316605,0.06261293370163923,-0.0024595057795205877,-0.06385713710488028
115,2051.25,0.0,0.0,0.0,0.0,0.0,0.0,0.0,0.0,0.0,0.0,0.0,3.864324866595081,59.86594307434713,0.0,59.86594307434713,-59.86594307434713,0.024935441786941404,0.017680892592941033,0.14150543506816704
116,2051.5,0.0,0.0,0.0,0.0,0.0,0.0,0.0,0.0,0.0,0.0,0.0,3.8696706274183503,66.25915507670742,0.0,66.25915507670742,-66.25915507670742,-0.02885755235231957,-0.00044545637914827907,-0.024310701897478304
117,2051.75,0.0,0.0,0.0,0.0,0.0,0.0,0.0,0.0,0.0,0.0,0.0,3.9144255672542396,60.64210082432659,0.0,60.64210082432659,-60.64210082432659,0.025722787684528514,0.01672425874336647,-0.01891812856495323
118,2052.0,0.0,0.0,0.0,10.965758222632266,0.0,0.0,10.965758222632266,0.45899078937269755,0.0,0.0,0.45899078937269755,3.944901012030001,61.11422501292224,0.0,61.57321580229494,-50.60745757966267,-0.0011720689347003432,0.002166716261856161,0.06403935496803137
119,2052.25,0.0,0.0,0.0,10.965758222632266,0.0,0.0,10.965758222632266,0.45899078937269755,0.0,0.0,0.45899078937269755,4.040967288037651,69.19221400934028,0.0,69.65120479871297,-58.6854465760807,0.06337934102951404,-0.011889812529011556,-0.02180513076410251
120,2052.5,0.0,0.0,0.0,10.965758222632266,0.0,0.0,10.965758222632266,0.45899078937269755,0.0,0.0,0.45899078937269755,4.092943559284061,63.407693345024946,0.0,63.866684134397644,-52.90092591176538,-0.09515552998270072,0.014154124946208047,0.06855747695575576
121,2052.75,0.0,0.0,0.0,10.965758222632266,0.0,0.0,10.965758222632266,0.45899078937269755,0.0,0.0,0.45899078937269755,4.103954359214971,63.57827215105782,0.0,64.03726294043051,-53.07150471779824,0.06316063858777032,0.0158251388624413,0.07641875309983548
122,2053.0,0.0,0.0,0.0,11.18507338708491,0.0,0.0,11.18507338708491,0.4800450451601515,0.0,0.0,0.4800450451601515,4.31696740337069,73.91807732015167,0.0,74.39812236531182,-63.21304897822691,0.07310925803680268,-0.019323217305410423,0.046235219145066564
123,2053.25,0.0,0.0,0.0,11.18507338708491,0.0,0.0,11.18507338708491,0.4800450451601515,0.0,0.0,0.4800450451601515,4.34676610729553,74.42831117066369,0.0,74.90835621582384,-63.72328282873893,-0.007370944512281374,0.007566466133615224,-0.0024963228486690747
124,2053.5,0.0,0.0,0.0,11.18507338708491,0.0,0.0,11.18507338708491,0.4800450451601515,0.0,0.0,0.4800450451601515,4.363468187229906,67.59864843702911,0.0,68.07869348218927,-56.89362009510435,0.040283119859302996,-0.006446473297816224,0.046278822437253675
125,2053.75,0.0,0.0,0.0,11.18507338708491,0.0,0.0,11.18507338708491,0.4800450451601515,0.0,0.0,0.4800450451601515,4.4005461765706055,75.34917040991905,0.0,75.82921545507921,-64.6441420679943,-0.028450693170378183,-0.012749891876984831,-0.037933846496678525
126,2054.0,0.0,0.0,0.0,11.408774854826609,0.0,0.0,11.408774854826609,0.5015203860633545,0.0,0.0,0.5015203860633545,4.4010729163734155,68.18121917110281,0.0,68.68273955716616,-57.27396470233955,0.03047164730815588,0.01180666587618373,-0.03382704706757167
127,2054.25,0.0,0.0,0.0,11.408774854826609,0.0,0.0,11.408774854826609,0.5015203860633545,0.0,0.0,0.5015203860633545,4.6359537027481075,71.81998150910337,0.0,72.32150189516672,-60.91272704034011,0.00933857030096008,0.014525085686873718,-0.07740839688083945
128,2054.5,0.0,0.0,0.0,11.408774854826609,0.0,0.0,11.408774854826609,0.5015203860633545,0.0,0.0,0.5015203860633545,4.630646101646464,71.73775639698634,0.0,72.23927678304969,-60.83050192822308,0.0335255097692444,-0.02405953717529563,0.06321006805824303
129,2054.75,0.0,0.0,0.0,11.408774854826609,0.0,0.0,11.408774854826609,0.5015203860633545,0.0,0.0,0.5015203860633545,4.787228094832966,81.97020347820312,0.0,82.47172386426647,-71.06294900943986,0.1316383367887055,-0.0056203134524264176,0.05599354545317703
130,2055.0,0.0,0.0,0.0,11.636950351923142,9.491875436898454,2.6355942753389408,23.764420064160536,2.1099224892391177,0.0,0.0,2.1099224892391177,4.8668800847317675,83.33405949051547,0.0,85.4439819797546,-61.679561915594064,0.15194272271507359,0.02128492818180927,-0.012567647304565943
131,2055.25,0.0,0.0,0.0,11.636950351923142,9.491875436898454,2.6355942753389408,23.764420064160536,2.1099224892391177,0.0,0.0,2.1099224892391177,4.954399590647661,84.83262850918847,0.0,86.94255099842758,-63.178130934267045,0.0005469921660576915,0.008804260883910286,-0.013702050558117906
132,2055.5,0.0,0.0,0.0,11.636950351923142,9.491875436898454,2.6355942753389408,23.764420064160536,2.1099224892391177,0.0,0.0,2.1099224892391177,4.977276126684232,77.1077327998903,0.0,79.21765528912943,-55.45323522496889,0.043514415147191565,-0.00622376410710912,0.06450354507852785
133,2055.75,0.0,0.0,0.0,11.636950351923142,9.491875436898454,2.6355942753389408,23.764420064160536,2.1099224892391177,0.0,0.0,2.1099224892391177,4.975827442178466,85.19953088260505,0.0,87.30945337184417,-63.54503330768364,0.1294547274752451,0.019420484651110126,0.013286538913530377
134,2056.0,0.0,0.0,0.0,11.869689358961605,9.681712945636423,2.6883061608457197,24.239708465443748,2.1783640190238995,0.0,0.0,2.1783640190238995,5.020794183855924,85.96948228079127,0.0,88.14784629981517,-63.90813783437142,0.11371164973355263,-0.0013351272001886905,0.15246345855079002
135,2056.25,0.0,0.0,0.0,11.869689358961605,9.681712945636423,2.6883061608457197,24.239708465443748,2.1783640190238995,0.0,0.0,2.1783640190238995,4.993535277346295,85.50273658392354,0.0,87.68110060294744,-63.44139213750369,-0.05662293369983218,0.0026323645893757686,0.0843686306091258
136,2056.5,0.0,0.0,0.0,11.869689358961605,9.681712945636423,2.6883061608457197,24.239708465443748,2.1783640190238995,0.0,0.0,2.1783640190238995,5.021175778846814,85.97601621199945,0.0,88.15438023102335,-63.914671765579605,0.11136434051615307,0.005630828971529445,-0.0740091152855954
137,2056.75,0.0,0.0,0.0,11.869689358961605,9.681712945636423,2.6883061608457197,24.239708465443748,2.1783640190238995,0.0,0.0,2.1783640190238995,5.068870884233902,78.52671457049094,0.0,80.70507858951484,-56.46537012407109,0.016572160649209078,0.007991368433893031,0.08043843513573967
138,2057.0,0.0,0.0,0.0,12.107083146140837,9.875347204549152,2.742072284062634,24.72450263475262,2.248174379404378,0.0,0.0,2.248174379404378,5.064846636662151,86.72377859772212,0.0,88.97195297712649,-64.24745034237387,-0.031289957255393186,0.018859747424087248,0.03722824716563533
139,2057.25,0.0,0.0,0.0,12.107083146140837,9.875347204549152,2.742072284062634,24.72450263475262,2.248174379404378,0.0,0.0,2.248174379404378,5.036695734869422,78.0282586365933,0.0,80.27643301599768,-55.55193038124506,0.04294577043601833,-0.007673876135075974,-0.023286011262210637
140,2057.5,0.0,0.0,0.0,12.107083146140837,9.875347204549152,2.742072284062634,24.72450263475262,2.248174379404378,0.0,0.0,2.248174379404378,5.021762168872292,77.79690851910979,0.0,80.04508289851417,-55.32058026376154,0.10212524076425789,-0.017418384256923214,0.021359478477408933
141,2057.75,0.0,0.0,0.0,12.107083146140837,9.875347204549152,2.742072284062634,24.72450263475262,2.248174379404378,0.0,0.0,2.248174379404378,5.05922232274863,86.62747523661545,0.0,88.87564961601983,-64.1511469812672,0.005652563442308356,0.0031519263239483397,-0.01033611206105256
142,2058.0,0.0,0.0,0.0,12.349224809063655,10.072854148640136,2.796913729743887,25.218992687447678,2.3193809469924656,0.0,0.0,2.3193809469924656,5.074994637300748,78.62158347130989,0.0,80.94096441830236,-55.721971730854676,0.04323299565195704,0.0005309387807903576,0.024861887412488626
143,2058.25,0.0,0.0,0.0,12.349224809063655,10.072854148640136,2.796913729743887,25.218992687447678,2.3193809469924656,0.0,0.0,2.3193809469924656,5.062494964416657,86.6835116522876,0.0,89.00289259928007,-63.78389991183239,-0.11875866758255893,0.007973543382911341,0.04606530880675175
144,2058.5,0.0,0.0,0.0,12.349224809063655,10.072854148640136,2.796913729743887,25.218992687447678,2.3193809469924656,0.0,0.0,2.3193809469924656,5.033146263896791,77.97327039556096,0.0,80.29265134255343,-55.073658655105746,0.04803244046515931,0.00887243448986963,-0.015401970212338134
145,2058.75,0.0,0.0,0.0,12.349224809063655,10.072854148640136,2.796913729743887,25.218992687447678,2.3193809469924656,0.0,0.0,2.3193809469924656,4.999749276026623,77.45588579573776,0.0,79.77526674273022,-54.55627405528254,-0.08134181138230945,0.005599028645129733,0.0247258147569398
146,2059.0,0.0,0.0,0.0,12.596209305244928,10.27431123161294,2.852852004338765,25.723372541196632,2.392011645932315,0.0,0.0,2.392011645932315,4.989829280323188,77.30220567861996,0.0,79.69421732455227,-53.97084478335564,0.04828316056331183,0.005292064441144051,-0.05279649482737381
147,2059.25,0.0,0.0,0.0,12.596209305244928,10.27431123161294,2.852852004338765,25.723372541196632,2.392011645932315,0.0,0.0,2.392011645932315,4.954381262612967,76.753046618862,0.0,79.14505826479432,-53.42168572359768,-0.00038650192523392857,0.027406435416865937,0.02996744474228108
148,2059.5,0.0,0.0,0.0,12.596209305244928,10.27431123161294,2.852852004338765,25.723372541196632,2.392011645932315,0.0,0.0,2.392011645932315,5.0888402152675996,78.83607852827575,0.0,81.22809017420806,-55.50471763301143,-0.06406020777631505,-0.00024288644228120937,0.017503961449904404
149,2059.75,0.0,0.0,0.0,12.596209305244928,10.27431123161294,2.852852004338765,25.723372541196632,2.392011645932315,0.0,0.0,2.392011645932315,5.080691816323698,78.7098439066632,0.0,81.10185555259551,-55.37848301139888,0.038999536942762036,-0.026476611772574432,0.0892349455751873
150,2060.0,0.0,0.0,0.0,12.848133491349827,10.479797456245198,2.90990904442554,26.237839992020564,2.4660949588509617,0.0,0.0,2.4660949588509617,5.086652919113697,87.09716072496725,0.0,89.56325568381821,-63.325415691797645,0.10318940449666636,-0.006126619482023421,-0.030337415280931035
151,2060.25,0.0,0.0,0.0,12.848133491349827,10.479797456245198,2.90990904442554,26.237839992020564,2.4660949588509617,0.0,0.0,2.4660949588509617,5.135361438919031,79.55678318510746,0.0,82.02287814395842,-55.785038151937854,0.10345303953083707,0.003338316167341704,0.02253094632404884
152,2060.5,0.0,0.0,0.0,12.848133491349827,10.479797456245198,2.90990904442554,26.237839992020564,2.4660949588509617,0.0,0.0,2.4660949588509617,5.113204241922645,87.55179068830951,0.0,90.01788564716047,-63.7800456551399,-0.1039922559515154,0.0011616468360613474,0.14371316110654453
153,2060.75,0.0,0.0,0.0,12.848133491349827,10.479797456245198,2.90990904442554,26.237839992020564,2.4660949588509617,0.0,0.0,2.4660949588509617,5.127486863023324,87.79634752467341,0.0,90.26244248352437,-64.0246024915038,0.11038615790408524,0.0116718086234735,-0.058399002445669645
154,2061.0,0.0,0.0,0.0,13.105096161176824,10.689393405370101,2.968107225314051,26.762596791860975,2.5439614866977567,0.0,0.0,2.5439614866977567,5.172933903549165,80.1388540788241,0.0,82.68281556552185,-55.92021877366088,0.03181026950049293,-0.004586901335855931,-0.06410057608909703
155,2061.25,0.0,0.0,0.0,13.105096161176824,10.689393405370101,2.968107225314051,26.762596791860975,2.5439614866977567,0.0,0.0,2.5439614866977567,5.262957965931015,81.53350271213687,0.0,84.07746419883462,-57.31486740697365,0.11485978196078239,0.0004471934229828278,0.029237842423414095
156,2061.5,0.0,0.0,0.0,13.105096161176824,10.689393405370101,2.968107225314051,26.762596791860975,2.5439614866977567,0.0,0.0,2.5439614866977567,5.320955525546468,91.10905068389717,0.0,93.65301217059492,-66.89041537873395,0.11841300421411005,-0.008510398616539683,0.057229312237433216
157,2061.75,0.0,0.0,0.0,13.105096161176824,10.689393405370101,2.968107225314051,26.762596791860975,2.5439614866977567,0.0,0.0,2.5439614866977567,5.320480011133886,91.10090859992205,0.0,93.6448700866198,-66.88227329475883,-0.08426454254463855,0.029150376312711446,0.09594885841884748
158,2062.0,0.0,0.0,0.0,13.36719808440036,10.903181273477504,3.0274693698203317,27.297848727698195,2.6296017964317113,0.0,0.0,2.6296017964317113,5.491470160400012,85.07360311728962,0.0,87.70320491372134,-60.40535618602314,0.00026682895791729777,0.013986765363588116,-0.034909425260069016
159,2062.25,0.0,0.0,0.0,13.36719808440036,10.903181273477504,3.0274693698203317,27.297848727698195,2.6296017964317113,0.0,0.0,2.6296017964317113,5.578013440602724,86.41432763319915,0.0,89.04392942963086,-61.74608070193267,0.0019018149703280418,0.02244128956112834,0.04981600275894826
160,2062.5,0.0,0.0,0.0,13.36719808440036,10.903181273477504,3.0274693698203317,27.297848727698195,2.6296017964317113,0.0,0.0,2.6296017964317113,5.572980470314058,95.42439467731995,0.0,98.05399647375167,-70.75614774605347,0.05578040639314019,-0.0035205890951469643,-0.013541830966658175
161,2062.75,0.0,0.0,0.0,13.36719808440036,10.903181273477504,3.0274693698203317,27.297848727698195,2.6296017964317113,0.0,0.0,2.6296017964317113,5.553110641722659,86.02853461847792,0.0,88.65813641490963,-61.36028768721144,-0.024054135274917066,-0.011334338322804505,-0.06761189084129948
162,2063.0,0.0,0.0,0.0,13.634542046088368,11.121244898947054,3.088018757216738,27.843805702252162,2.755459368540519,0.0,0.0,2.755459368540519,5.614937713131266,86.98635676469478,0.0,89.74181613323529,-61.89801043098313,0.06807723048990288,0.028691179094469943,0.056033115447035486
163,2063.25,0.0,0.0,0.0,13.634542046088368,11.121244898947054,3.088018757216738,27.843805702252162,2.755459368540519,0.0,0.0,2.755459368540519,5.601986589184753,95.92105734282153,0.0,98.67651671136204,-70.83271100910989,0.03491797368295191,0.020505614113741633,0.11917368261996675
164,2063.5,0.0,0.0,0.0,13.634542046088368,11.121244898947054,3.088018757216738,27.843805702252162,2.755459368540519,0.0,0.0,2.755459368540519,5.5840844583579985,95.6145247779441,0.0,98.36998414648461,-70.52617844423244,-0.09253187015459508,0.026695708245753513,0.07446258027893293
165,2063.75,0.0,0.0,0.0,13.634542046088368,11.121244898947054,3.088018757216738,27.843805702252162,2.755459368540519,0.0,0.0,2.755459368540519,5.628239472341543,87.19242700649947,0.0,89.94788637503999,-62.10408067278782,0.00642148921794794,-0.004642543973706337,0.029444921423175563
166,2064.0,0.0,0.0,0.0,13.907232887010135,11.343669796925996,3.149779132361073,28.400681816297205,2.8891096359113297,0.0,0.0,2.8891096359113297,5.609654174519798,86.9045044275687,0.0,89.79361406348002,-61.39293224718281,0.17433677267318792,-0.017398646246984173,-0.020222128158858488
167,2064.25,0.0,0.0,0.0,13.907232887010135,11.343669796925996,3.149779132361073,28.400681816297205,2.8891096359113297,0.0,0.0,2.8891096359113297,5.652353089132243,96.78346710634142,0.0,99.67257674225274,-71.27189492595554,-0.07125168698674877,0.011115813921472872,0.08475524776976195
168,2064.5,0.0,0.0,0.0,13.907232887010135,11.343669796925996,3.149779132361073,28.400681816297205,2.8891096359113297,0.0,0.0,2.8891096359113297,5.670696031342979,87.850162065548,0.0,90.73927170145933,-62.33858988516212,0.012468548865818496,-0.010374673882571073,0.0874227179437661
169,2064.75,0.0,0.0,0.0,13.907232887010135,11.343669796925996,3.149779132361073,28.400681816297205,2.8891096359113297,0.0,0.0,2.8891096359113297,5.695292909566587,97.51871216853507,0.0,100.4078218044464,-72.00713998814919,0.08172009166599348,-0.0017287606759339713,0.09053563595288883
170,2065.0,0.0,0.0,0.0,14.185377544750338,11.570543192864516,3.2127747150082944,28.968695452623148,3.0254329086295564,0.0,0.0,3.0254329086295564,5.687053801417844,97.37763650678411,0.0,100.40306941541367,-71.43437396279052,0.05443884299489499,0.001635106518432794,-0.04082667287035857
171,2065.25,0.0,0.0,0.0,14.185377544750338,11.570543192864516,3.2127747150082944,28.968695452623148,3.0254329086295564,0.0,0.0,3.0254329086295564,5.682957969423697,88.04012344624533,0.0,91.06555635487489,-62.096860902251734,-0.0006565450938585959,0.0013521316226192681,0.06995241014258036
172,2065.5,0.0,0.0,0.0,14.185377544750338,11.570543192864516,3.2127747150082944,28.968695452623148,3.0254329086295564,0.0,0.0,3.0254329086295564,5.71675203685167,97.8861500668716,0.0,100.91158297550115,-71.942887522878,0.01386150249771112,0.00318932506659797,-0.02190244948800013
173,2065.75,0.0,0.0,0.0,14.185377544750338,11.570543192864516,3.2127747150082944,28.968695452623148,3.0254329086295564,0.0,0.0,3.0254329086295564,5.779112331405159,89.52974239896147,0.0,92.55517530759103,-63.58647985496788,0.20166291374172363,-0.004130582896640811,0.1942185067899389
174,2066.0,0.0,0.0,0.0,14.469085095645346,11.801954056721806,3.2770302093084602,29.548069361675612,3.1644826468021474,0.0,0.0,3.1644826468021474,5.763478685841462,98.686235805356,0.0,101.85071845215815,-72.30264909048253,0.07088738557109453,-0.016640751326163494,0.10184130602907371
175,2066.25,0.0,0.0,0.0,14.469085095645346,11.801954056721806,3.2770302093084602,29.548069361675612,3.1644826468021474,0.0,0.0,3.1644826468021474,5.8724525512421035,100.55216108481748,0.0,103.71664373161963,-74.16857436994401,0.08437695897542374,-0.0035540425280135013,-0.004400959567348206
176,2066.5,0.0,0.0,0.0,14.469085095645346,11.801954056721806,3.2770302093084602,29.548069361675612,3.1644826468021474,0.0,0.0,3.1644826468021474,5.8684413358469545,100.48347830312797,0.0,103.64796094993011,-74.0998915882545,-0.02261821384474061,0.0077852409680767565,0.0382585831887432
177,2066.75,0.0,0.0,0.0,14.469085095645346,11.801954056721806,3.2770302093084602,29.548069361675612,3.1644826468021474,0.0,0.0,3.1644826468021474,5.838547512850779,90.45050949589869,0.0,93.61499214270083,-64.06692278102521,0.12739889270481597,-0.01287084829222307,0.11737858500245246
178,2067.0,0.0,0.0,0.0,14.758466797558253,12.037993137856242,3.3425708134946297,30.139030748909125,3.306313379738191,0.0,0.0,3.306313379738191,5.874393796200321,100.58540041268611,0.0,103.8917137924243,-73.75268304351518,0.052399221510038174,0.010488095939607867,0.12598173540035962
179,2067.25,0.0,0.0,0.0,14.758466797558253,12.037993137856242,3.3425708134946297,30.139030748909125,3.306313379738191,0.0,0.0,3.306313379738191,5.901821817465053,101.05504180840344,0.0,104.36135518814163,-74.22232443923251,0.06305773929674308,-0.006199388312779552,0.028469215277204807
180,2067.5,0.0,0.0,0.0,14.758466797558253,12.037993137856242,3.3425708134946297,30.139030748909125,3.306313379738191,0.0,0.0,3.306313379738191,5.924916493982509,101.45048470268343,0.0,104.75679808242161,-74.61776733351249,0.19517727100994242,0.014410156095468807,0.027539807552610318
181,2067.75,0.0,0.0,0.0,14.758466797558253,12.037993137856242,3.3425708134946297,30.139030748909125,3.306313379738191,0.0,0.0,3.306313379738191,6.121534370735885,104.81711086831817,0.0,108.12342424805635,-77.98439349914723,0.04770739319182793,-0.004364006618310712,-0.03599124744519455
182,2068.0,0.0,0.0,0.0,15.053636133509418,12.278753000613367,3.4094222297645222,30.741811363887308,3.4509807273329542,0.0,0.0,3.4509807273329542,6.179702048916106,95.73565987551406,0.0,99.186640602847,-68.4448292389597,0.015167911370529863,0.008967410000697784,0.13025426739548407
183,2068.25,0.0,0.0,0.0,15.053636133509418,12.278753000613367,3.4094222297645222,30.741811363887308,3.4509807273329542,0.0,0.0,3.4509807273329542,6.1969351016688154,106.10817390825322,0.0,109.55915463558617,-78.81734327169886,-0.12003292888550143,0.003537528122172784,0.07253469002748436
184,2068.5,0.0,0.0,0.0,15.053636133509418,12.278753000613367,3.4094222297645222,30.741811363887308,3.4509807273329542,0.0,0.0,3.4509807273329542,6.341588013468778,98.2435897916097,0.0,101.69457051894264,-70.95275915505533,0.1281973659208,-0.0016660247973032671,0.08437374208739112
185,2068.75,0.0,0.0,0.0,15.053636133509418,12.278753000613367,3.4094222297645222,30.741811363887308,3.4509807273329542,0.0,0.0,3.4509807273329542,6.581451198810548,112.69212230155661,0.0,116.14310302888956,-85.40129166500225,0.03954336836313299,-0.013996371463945168,-0.058180287673287756
186,2069.0,0.0,0.0,0.0,15.354708856179606,12.524328060625635,3.4776106743598127,31.356647591165054,3.598541421879613,0.0,0.0,3.598541421879613,6.706276476341311,103.89332668276168,0.0,107.4918681046413,-76.13522051347624,-0.06473703407222442,0.00787903007455193,-0.031107513752341887
187,2069.25,0.0,0.0,0.0,15.354708856179606,12.524328060625635,3.4776106743598127,31.356647591165054,3.598541421879613,0.0,0.0,3.598541421879613,6.734599312110552,104.33210275164832,0.0,107.93064417352794,-76.57399658236288,0.0015315997168705575,0.0076619180261807696,-0.06648053711611368
188,2069.5,0.0,0.0,0.0,15.354708856179606,12.524328060625635,3.4776106743598127,31.356647591165054,3.598541421879613,0.0,0.0,3.598541421879613,6.861139358093171,106.29245532316895,0.0,109.89099674504857,-78.53434915388351,0.09566932266968342,-0.008191370498628614,0.11293315361175704
189,2069.75,0.0,0.0,0.0,15.354708856179606,12.524328060625635,3.4776106743598127,31.356647591165054,3.598541421879613,0.0,0.0,3.598541421879613,6.869533563550018,117.62486617512802,0.0,121.22340759700764,-89.86676000584258,-0.01210812518460136,0.004803409223949728,0.06418754711970931
190,2070.0,0.0,0.0,0.0,15.661803033303197,12.774814621838148,3.547162887847009,31.983780542988356,3.749053330317206,0.0,0.0,3.749053330317206,6.861544552923363,117.48807285471716,0.0,121.23712618503437,-89.25334564204601,0.08968465515572821,-0.0002204674575930765,-0.004961784837117844
191,2070.25,0.0,0.0,0.0,15.661803033303197,12.774814621838148,3.547162887847009,31.983780542988356,3.749053330317206,0.0,0.0,3.749053330317206,7.038442469145822,120.5170403282486,0.0,124.26609365856581,-92.28231311557745,0.11616286535955411,-0.0015146583782186251,-0.08071685241922733
192,2070.5,0.0,0.0,0.0,15.661803033303197,12.774814621838148,3.547162887847009,31.983780542988356,3.749053330317206,0.0,0.0,3.749053330317206,7.0419077789663405,109.09291138398873,0.0,112.84196471430594,-80.85818417131759,0.12124771010007107,0.011760105937931531,0.030918443583214827
193,2070.75,0.0,0.0,0.0,15.661803033303197,12.774814621838148,3.547162887847009,31.983780542988356,3.749053330317206,0.0,0.0,3.749053330317206,7.058986961156451,120.86881721397613,0.0,124.61787054429334,-92.63409000130498,0.1059889082515435,0.02392623771055291,0.08780760946567412
194,2071.0,0.0,0.0,0.0,15.975039093969261,13.030310914274912,3.6181061456039494,32.623456153848124,3.90257547692355,0.0,0.0,3.90257547692355,7.1341118794163325,122.15515760011576,0.0,126.0577330770393,-93.43427692319118,-0.001724268722174016,-0.0057952797029275915,-0.03442772044958231
195,2071.25,0.0,0.0,0.0,15.975039093969261,13.030310914274912,3.6181061456039494,32.623456153848124,3.90257547692355,0.0,0.0,3.90257547692355,7.233279861863101,112.05763888910953,0.0,115.96021436603307,-83.33675821218495,0.14468822881287458,0.03013075439487589,0.14546252586107333
196,2071.5,0.0,0.0,0.0,15.975039093969261,13.030310914274912,3.6181061456039494,32.623456153848124,3.90257547692355,0.0,0.0,3.90257547692355,7.297732419188938,124.95678072579258,0.0,128.85935620271613,-96.235900048868,-0.006755206771067668,0.007757900223053005,0.04161224843036271
197,2071.75,0.0,0.0,0.0,15.975039093969261,13.030310914274912,3.6181061456039494,32.623456153848124,3.90257547692355,0.0,0.0,3.90257547692355,7.584564590257134,117.49972574229238,0.0,121.40230121921593,-88.7788450653678,0.034167269788841104,0.020582285370528197,0.05924661682919696
198,2072.0,0.0,0.0,0.0,16.294539875848645,13.290917132560411,3.6904682685160286,33.275925276925086,4.061951889342042,0.0,0.0,4.061951889342042,7.601861184838065,130.16428208357019,0.0,134.22623397291224,-100.95030869598716,0.07091749019301719,0.032270847181551376,0.050145391805673345
199,2072.25,0.0,0.0,0.0,16.294539875848645,13.290917132560411,3.6904682685160286,33.275925276925086,4.061951889342042,0.0,0.0,4.061951889342042,7.554365320491382,129.3510253120633,0.0,133.41297720140537,-100.13705192448029,-0.08421221977582793,-0.035022249469946254,0.15684894729683907
200,2072.5,0.0,0.0,0.0,16.294539875848645,13.290917132560411,3.6904682685160286,33.275925276925086,4.061951889342042,0.0,0.0,4.061951889342042,7.806725484468847,133.672109158758,0.0,137.73406104810005,-104.45813577117497,0.1288999661320014,0.02075185549780123,0.040088816884644496
201,2072.75,0.0,0.0,0.0,16.294539875848645,13.290917132560411,3.6904682685160286,33.275925276925086,4.061951889342042,0.0,0.0,4.061951889342042,7.799167650871352,133.54269874722783,0.0,137.6046506365699,-104.3287253596448,0.12361741948696925,0.004273413645959234,-0.03962719395249059
202,2073.0,0.0,0.0,0.0,16.620430673365618,13.55673547521162,3.764277633886349,33.94144378246359,4.228597723128883,0.0,0.0,4.228597723128883,7.846562931103538,134.35423324852553,0.0,138.5828309716544,-104.64138718919082,-0.2084003670410426,0.0010914184869048604,-0.05550974526581609
203,2073.25,0.0,0.0,0.0,16.620430673365618,13.55673547521162,3.764277633886349,33.94144378246359,4.228597723128883,0.0,0.0,4.228597723128883,7.877188621855617,122.03304377911063,0.0,126.26164150223951,-92.32019771977593,0.03504536882282916,0.026004680879944342,-0.05226564243016707
204,2073.5,0.0,0.0,0.0,16.620430673365618,13.55673547521162,3.764277633886349,33.94144378246359,4.228597723128883,0.0,0.0,4.228597723128883,7.862344038601989,121.80307217819626,0.0,126.03166990132515,-92.09022611886155,0.04935513547765047,-0.0016303460743216647,0.03503106722466631
205,2073.75,0.0,0.0,0.0,16.620430673365618,13.55673547521162,3.764277633886349,33.94144378246359,4.228597723128883,0.0,0.0,4.228597723128883,8.136333867461861,139.3158900037151,0.0,143.54448772684398,-109.6030439443804,0.07027518729513593,0.006951883972741824,0.06909913354426411
206,2074.0,0.0,0.0,0.0,16.95283928683293,13.827870184715852,3.8395631865640762,34.62027265811286,4.3985764735914605,0.0,0.0,4.3985764735914605,8.126943782977538,139.15510653557655,0.0,143.553683009168,-108.93341035105513,0.07429827798840138,-0.018604755403610507,0.014729438720788357
207,2074.25,0.0,0.0,0.0,16.95283928683293,13.827870184715852,3.8395631865640762,34.62027265811286,4.3985764735914605,0.0,0.0,4.3985764735914605,8.157936576679525,139.68578641039846,0.0,144.0843628839899,-109.46409022587704,0.003480401936611699,-0.013244915219293496,0.11591202769880349
208,2074.5,0.0,0.0,0.0,16.95283928683293,13.827870184715852,3.8395631865640762,34.62027265811286,4.3985764735914605,0.0,0.0,4.3985764735914605,8.169617781939342,139.88580002016383,0.0,144.28437649375527,-109.66410383564241,0.059155434288981956,0.0036734112994010193,0.057711111546249194
209,2074.75,0.0,0.0,0.0,16.95283928683293,13.827870184715852,3.8395631865640762,34.62027265811286,4.3985764735914605,0.0,0.0,4.3985764735914605,8.165179662536223,139.80980749519375,0.0,144.2083839687852,-109.58811131067233,0.0673370136502569,0.021712026010116015,0.06714327927881758
210,2075.0,0.0,0.0,0.0,17.29189607256959,14.10442758841017,3.916354450295358,35.31267811127512,4.57195479906329,0.0,0.0,4.57195479906329,8.336095637846062,142.73634807280789,0.0,147.30830287187118,-111.99562476059606,0.050968793702327986,0.006378934869808672,-0.010982481694913004
211,2075.25,0.0,0.0,0.0,17.29189607256959,14.10442758841017,3.916354450295358,35.31267811127512,4.57195479906329,0.0,0.0,4.57195479906329,8.50948674648141,131.8285772400997,0.0,136.40053203916298,-101.08785392788786,0.030801862741524744,-0.01973657717563926,0.12921385133328478
212,2075.5,0.0,0.0,0.0,17.29189607256959,14.10442758841017,3.916354450295358,35.31267811127512,4.57195479906329,0.0,0.0,4.57195479906329,8.518860111193007,145.86576676188295,0.0,150.43772156094624,-115.12504344967113,0.11737796576958859,-0.0034558008929523876,0.022959775105561242
213,2075.75,0.0,0.0,0.0,17.29189607256959,14.10442758841017,3.916354450295358,35.31267811127512,4.57195479906329,0.0,0.0,4.57195479906329,8.653633325004812,148.17344618319336,0.0,152.74540098225665,-117.43272287098154,0.005052977226806199,-0.0022618371298189777,-0.07060694707078052
214,2076.0,0.0,0.0,0.0,17.63773399402098,14.386516140178374,3.9946815393012653,36.018931673500624,4.748800691044557,0.0,0.0,4.748800691044557,8.770679681902026,135.87496618076085,0.0,140.6237668718054,-104.60483519830478,-0.05778374330495484,-0.012147794260445544,0.058864884797961814
215,2076.25,0.0,0.0,0.0,17.63773399402098,14.386516140178374,3.9946815393012653,36.018931673500624,4.748800691044557,0.0,0.0,4.748800691044557,9.033103319638258,139.94042110508317,0.0,144.68922179612773,-108.67029012262711,-0.0487783429973041,0.014967176977428887,0.029746066168182317
216,2076.5,0.0,0.0,0.0,17.63773399402098,14.386516140178374,3.9946815393012653,36.018931673500624,4.748800691044557,0.0,0.0,4.748800691044557,9.308530148115695,144.20732086222156,0.0,148.95612155326612,-112.9371898797655,-0.27952510784456797,-0.017538584578668637,-0.019883619119783535
217,2076.75,0.0,0.0,0.0,17.63773399402098,14.386516140178374,3.9946815393012653,36.018931673500624,4.748800691044557,0.0,0.0,4.748800691044557,9.46068674094616,146.56452379914785,0.0,151.3133244901924,-115.29439281669178,0.058494407861480635,0.002905727155356752,0.08254283514684002
218,2077.0,0.0,0.0,0.0,17.9904886739014,14.674246462981943,4.07457517008729,36.73931030697064,4.929183500865448,0.0,0.0,4.929183500865448,9.4679377554825,162.11652525467164,0.0,167.04570875553708,-130.30639844856643,-0.14103619553291913,0.010696305091369318,-0.03763546335353252
219,2077.25,0.0,0.0,0.0,17.9904886739014,14.674246462981943,4.07457517008729,36.73931030697064,4.929183500865448,0.0,0.0,4.929183500865448,9.433001589752996,146.13562671038028,0.0,151.0648102112457,-114.32549990427508,-0.11435762588516563,0.011577844200156395,0.03048149898052621
220,2077.5,0.0,0.0,0.0,17.9904886739014,14.674246462981943,4.07457517008729,36.73931030697064,4.929183500865448,0.0,0.0,4.929183500865448,9.661096115252993,149.6692566070781,0.0,154.59844010794353,-117.8591298009729,0.10595971383871272,-0.011611234847305196,0.03804898594782613
221,2077.75,0.0,0.0,0.0,17.9904886739014,14.674246462981943,4.07457517008729,36.73931030697064,4.929183500865448,0.0,0.0,4.929183500865448,9.630701152050994,164.9034717864075,0.0,169.83265528727293,-133.09334498030228,0.10704230341492327,0.013248525419145674,0.09870854876693014
222,2078.0,0.0,0.0,0.0,18.350298447379426,14.967731392241582,4.156066673489036,37.47409651311004,5.113173966882755,0.0,0.0,5.113173966882755,9.718193358483507,166.40157336459856,0.0,171.51474733148132,-134.04065081837126,0.08890681229776343,0.010416967314730297,0.08030495388957193
223,2078.25,0.0,0.0,0.0,18.350298447379426,14.967731392241582,4.156066673489036,37.47409651311004,5.113173966882755,0.0,0.0,5.113173966882755,9.996370501796319,171.16471324192082,0.0,176.27788720880358,-138.80379069569352,-0.05164721050557319,-0.0006606493030670846,0.004408524391425361
224,2078.5,0.0,0.0,0.0,18.350298447379426,14.967731392241582,4.156066673489036,37.47409651311004,5.113173966882755,0.0,0.0,5.113173966882755,9.987950985709473,154.7328772248658,0.0,159.84605119174856,-122.37195467863852,-0.10499404875630303,0.01025983515435569,0.07445543986406111
225,2078.75,0.0,0.0,0.0,18.350298447379426,14.967731392241582,4.156066673489036,37.47409651311004,5.113173966882755,0.0,0.0,5.113173966882755,9.954508495243214,154.2147877009171,0.0,159.32796166779985,-121.85386515468981,-0.055638913662313216,8.487531728684772e-05,0.02876271840261957
226,2079.0,0.0,0.0,0.0,18.717304416327014,15.267086020086413,4.239188006958817,38.22357844337225,5.300844242220411,0.0,0.0,5.300844242220411,10.023839883630847,155.28886638057446,0.0,160.58971062279488,-122.36613217942264,-0.07159534564220815,0.00815703733997819,0.12200023895171075
227,2079.25,0.0,0.0,0.0,18.717304416327014,15.267086020086413,4.239188006958817,38.22357844337225,5.300844242220411,0.0,0.0,5.300844242220411,10.135706824605617,173.55052534577908,0.0,178.8513695879995,-140.62779114462725,-0.005076783394504014,0.006965195277424563,-0.08175779395210125
228,2079.5,0.0,0.0,0.0,18.717304416327014,15.267086020086413,4.239188006958817,38.22357844337225,5.300844242220411,0.0,0.0,5.300844242220411,10.395368910696229,161.0445769775361,0.0,166.34542121975653,-128.12184277638428,0.09630354060361457,0.020345778076632515,-0.09156929604801833
229,2079.75,0.0,0.0,0.0,18.717304416327014,15.267086020086413,4.239188006958817,38.22357844337225,5.300844242220411,0.0,0.0,5.300844242220411,10.387631428087213,160.92470825288143,0.0,166.22555249510185,-128.0019740517296,0.020087047139679903,-0.0024774539036167553,0.10228680259547196
230,2080.0,0.0,0.0,0.0,19.091650504653554,15.572427740488141,4.323971767097993,38.98805001223969,5.492267923064819,0.0,0.0,5.492267923064819,10.451876303993876,178.96419606412772,0.0,184.45646398719254,-145.46841397495285,-0.00649863837315956,0.013446226198726485,0.025843239164148324
231,2080.25,0.0,0.0,0.0,19.091650504653554,15.572427740488141,4.323971767097993,38.98805001223969,5.492267923064819,0.0,0.0,5.492267923064819,10.848306080959153,168.0614587841395,0.0,173.5537267072043,-134.56567669496462,0.08255882842955797,-0.011268111053768792,0.0012066166452875393
232,2080.5,0.0,0.0,0.0,19.091650504653554,15.572427740488141,4.323971767097993,38.98805001223969,5.492267923064819,0.0,0.0,5.492267923064819,10.977557315391929,187.965266958459,0.0,193.45753488152383,-154.46948486928414,0.07520204642301476,-0.005635627557281198,0.07836501149272546
233,2080.75,0.0,0.0,0.0,19.091650504653554,15.572427740488141,4.323971767097993,38.98805001223969,5.492267923064819,0.0,0.0,5.492267923064819,11.085623318590848,189.8156471985091,0.0,195.30791512157393,-156.31986510933424,-0.023936124074699805,0.017129351154492323,-0.047682110618531115
234,2081.0,0.0,0.0,0.0,19.473483514746626,15.883876295297904,4.410451202439953,39.76781101248448,5.687520077526114,0.0,0.0,5.687520077526114,11.482730459789574,177.88993207745895,0.0,183.57745215498505,-143.80964114250057,-0.035357125166859515,0.010625921878269384,0.052311644552162306
235,2081.25,0.0,0.0,0.0,19.473483514746626,15.883876295297904,4.410451202439953,39.76781101248448,5.687520077526114,0.0,0.0,5.687520077526114,11.648372052574198,180.45604401336507,0.0,186.14356409089118,-146.3757530784067,0.17335004089430295,0.01231125462007876,0.09920391381762439
236,2081.5,0.0,0.0,0.0,19.473483514746626,15.883876295297904,4.410451202439953,39.76781101248448,5.687520077526114,0.0,0.0,5.687520077526114,11.669429057178892,199.81196954535025,0.0,205.49948962287635,-165.73167861039187,0.02732023518833393,0.008918295210276872,0.0299211062032938
237,2081.75,0.0,0.0,0.0,19.473483514746626,15.883876295297904,4.410451202439953,39.76781101248448,5.687520077526114,0.0,0.0,5.687520077526114,11.692732244319354,200.21098270155562,0.0,205.89850277908172,-166.13069176659724,0.03301281994039784,0.014494799660843771,0.09160340125892219
238,2082.0,0.0,0.0,0.0,19.862953185041558,16.201553821203863,4.498660226488752,40.56316723273417,5.886677275076637,0.0,0.0,5.886677275076637,11.706779746459624,200.4515136697878,0.0,206.33819094486444,-165.77502371213026,0.11077297094381655,0.001935136894892775,-0.01450798263187647
239,2082.25,0.0,0.0,0.0,19.862953185041558,16.201553821203863,4.498660226488752,40.56316723273417,5.886677275076637,0.0,0.0,5.886677275076637,11.882716929764465,203.46403081524105,0.0,209.35070809031768,-168.7875408575835,0.05400550186107189,0.0044579430354725336,0.04558796220461914
240,2082.5,0.0,0.0,0.0,19.862953185041558,16.201553821203863,4.498660226488752,40.56316723273417,5.886677275076637,0.0,0.0,5.886677275076637,11.799972849439909,202.04722990948486,0.0,207.9339071845615,-167.37073995182732,0.01988937605316976,0.0002598721503015433,-0.09307988225087216
241,2082.75,0.0,0.0,0.0,19.862953185041558,16.201553821203863,4.498660226488752,40.56316723273417,5.886677275076637,0.0,0.0,5.886677275076637,11.83191998467366,183.29956013424504,0.0,189.18623740932168,-148.6230701765875,-0.06154777207884221,-0.004561206126910355,0.11729378325530226
242,2083.0,0.0,0.0,0.0,20.26021224874239,16.52558489762794,4.588633431018527,41.37443057738886,6.08981761657817,0.0,0.0,6.08981761657817,11.862099586216166,203.11100651550936,0.0,209.20082413208752,-167.82639355469865,0.055423439978545375,-0.0049121235552492815,0.05571667325100016
243,2083.25,0.0,0.0,0.0,20.26021224874239,16.52558489762794,4.588633431018527,41.37443057738886,6.08981761657817,0.0,0.0,6.08981761657817,12.111434034871092,207.3802819888108,0.0,213.47009960538895,-172.0956690280001,0.00987743331885027,0.019521328909437363,0.07359935108335058
244,2083.5,0.0,0.0,0.0,20.26021224874239,16.52558489762794,4.588633431018527,41.37443057738886,6.08981761657817,0.0,0.0,6.08981761657817,12.057168697777733,206.45111366107707,0.0,212.54093127765523,-171.16650070026637,0.006950019291341869,0.029480297046645454,0.021606788118441633
245,2083.75,0.0,0.0,0.0,20.26021224874239,16.52558489762794,4.588633431018527,41.37443057738886,6.08981761657817,0.0,0.0,6.08981761657817,12.055287162253302,186.7599541744187,0.0,192.84977179099687,-151.475341213608,-0.008684444334429275,-0.010059174313539976,0.06519751570342613
246,2084.0,0.0,0.0,0.0,20.665416493717238,16.8560965955805,4.680406099638898,42.20191918893664,6.297020764909735,0.0,0.0,6.297020764909735,12.04018673903867,206.16033691392312,0.0,212.45735767883286,-170.25543848989622,0.09897306819670293,0.024782929034346646,0.10711107033733192
247,2084.25,0.0,0.0,0.0,20.665416493717238,16.8560965955805,4.680406099638898,42.20191918893664,6.297020764909735,0.0,0.0,6.297020764909735,12.335509074900148,211.21704853966577,0.0,217.51406930457551,-175.31215011563887,0.14205008271981545,0.0027945561995941226,0.17387415087292224
248,2084.5,0.0,0.0,0.0,20.665416493717238,16.8560965955805,4.680406099638898,42.20191918893664,6.297020764909735,0.0,0.0,6.297020764909735,12.560373297176584,215.0673280103394,0.0,221.36434877524914,-179.1624295863125,0.06674571383777694,-0.0033353706711727327,-0.06132631295825275
249,2084.75,0.0,0.0,0.0,20.665416493717238,16.8560965955805,4.680406099638898,42.20191918893664,6.297020764909735,0.0,0.0,6.297020764909735,12.5427501495439,194.31170835022726,0.0,200.608729115137,-158.40680992620037,0.1409778196486624,0.027375689242529644,0.037254122860927774
250,2085.0,0.0,0.0,0.0,21.078724823591582,17.19321852749211,4.774014221631676,43.045957572715366,6.508367976207928,0.0,0.0,6.508367976207928,12.610966251858661,215.9336152871728,0.0,222.44198326338073,-179.39602569066537,-0.05127326197811943,0.001664057572597688,0.1964100251409473
251,2085.25,0.0,0.0,0.0,21.078724823591582,17.19321852749211,4.774014221631676,43.045957572715366,6.508367976207928,0.0,0.0,6.508367976207928,12.779882568189867,218.82591633198874,0.0,225.33428430819666,-182.2883267354813,0.053219315213510754,0.004408031102149934,-0.04163208004135599
252,2085.5,0.0,0.0,0.0,21.078724823591582,17.19321852749211,4.774014221631676,43.045957572715366,6.508367976207928,0.0,0.0,6.508367976207928,12.714279430769116,196.96903208462135,0.0,203.47740006082927,-160.4314424881139,0.03592384494856482,0.01620564547671366,-0.03639233959288479
253,2085.75,0.0,0.0,0.0,21.078724823591582,17.19321852749211,4.774014221631676,43.045957572715366,6.508367976207928,0.0,0.0,6.508367976207928,13.64497390772261,211.38730810963895,0.0,217.89567608584687,-174.8497185131315,-0.0027203200747315526,0.002141308289703714,0.10652170687063012
254,2086.0,0.0,0.0,0.0,21.500299320063412,17.53708289804195,4.869494506064309,43.90687672416967,6.723942131732085,0.0,0.0,6.723942131732085,14.238057144059367,243.79378172778536,0.0,250.51772385951745,-206.61084713534777,0.01341743985720334,-0.002584443125703495,0.030669582891481584
255,2086.25,0.0,0.0,0.0,21.500299320063412,17.53708289804195,4.869494506064309,43.90687672416967,6.723942131732085,0.0,0.0,6.723942131732085,14.190014461248563,219.83105129299753,0.0,226.55499342472962,-182.64811670055994,-0.019174643057591312,0.04390185468399865,-0.09082999110978207
256,2086.5,0.0,0.0,0.0,21.500299320063412,17.53708289804195,4.869494506064309,43.90687672416967,6.723942131732085,0.0,0.0,6.723942131732085,14.256334244721602,220.8584743278518,0.0,227.5824164595839,-183.67553973541422,0.1417170417510396,0.016722284243907204,0.08739298054362243
257,2086.75,0.0,0.0,0.0,21.500299320063412,17.53708289804195,4.869494506064309,43.90687672416967,6.723942131732085,0.0,0.0,6.723942131732085,14.322750653491175,245.24396209602423,0.0,251.96790422775632,-208.06102750358664,-0.0450295889158987,-0.0040275634172745045,-0.06759812550524147
258,2087.0,0.0,0.0,0.0,21.930305306464682,17.88782455600279,4.966884396185596,44.78501425865307,6.94382777036673,0.0,0.0,6.94382777036673,14.787106568622567,229.0811747541987,0.0,236.02500252456545,-191.2399882659124,-0.013184614376523851,-0.004589090765074855,-0.1986974314010228
259,2087.25,0.0,0.0,0.0,21.930305306464682,17.88782455600279,4.966884396185596,44.78501425865307,6.94382777036673,0.0,0.0,6.94382777036673,15.068025775792412,233.4331621893904,0.0,240.37698995975714,-195.59197570110408,-0.01524500795087802,0.0020501719386956108,-0.01858708543252985
260,2087.5,0.0,0.0,0.0,21.930305306464682,17.88782455600279,4.966884396185596,44.78501425865307,6.94382777036673,0.0,0.0,6.94382777036673,14.97925160763493,232.05787685990643,0.0,239.00170463027317,-194.2166903716201,-0.05310944869295864,0.02624091745519297,-0.10772575471807744
261,2087.75,0.0,0.0,0.0,21.930305306464682,17.88782455600279,4.966884396185596,44.78501425865307,6.94382777036673,0.0,0.0,6.94382777036673,15.059519119517757,233.3013774616896,0.0,240.24520523205635,-195.4601909734033,0.15111314612603266,0.004082492221054723,0.0651904679505726
262,2088.0,0.0,0.0,0.0,22.368911412593977,18.245581047122847,5.066222084109308,45.680714543826134,7.168111121774064,0.0,0.0,7.168111121774064,15.135986726565688,259.16874801915213,0.0,266.3368591409262,-220.65614459710008,0.13214032584996893,0.012809435102043354,0.00486233362147126
263,2088.25,0.0,0.0,0.0,22.368911412593977,18.245581047122847,5.066222084109308,45.680714543826134,7.168111121774064,0.0,0.0,7.168111121774064,15.10325023525014,258.6082113576144,0.0,265.77632247938845,-220.09560793556233,-0.023959666424221093,0.019419082501541673,-0.026151117569803373
264,2088.5,0.0,0.0,0.0,22.368911412593977,18.245581047122847,5.066222084109308,45.680714543826134,7.168111121774064,0.0,0.0,7.168111121774064,15.221442689492642,235.80988995925634,0.0,242.9780010810304,-197.2972865372043,0.04656149916588115,0.011717354411412195,0.03482485881640729
265,2088.75,0.0,0.0,0.0,22.368911412593977,18.245581047122847,5.066222084109308,45.680714543826134,7.168111121774064,0.0,0.0,7.168111121774064,15.39905767313312,263.6732292329491,0.0,270.8413403547232,-225.16062581089705,-0.047041587008458285,0.023537243827573606,-0.0011256893406923485
266,2089.0,0.0,0.0,0.0,22.816289640845856,18.610492668065305,5.167546525791494,46.59432883470265,7.396880140209544,0.0,0.0,7.396880140209544,15.624677400341504,242.05678355093022,0.0,249.45366369113975,-202.8593348564371,0.06727633573836811,0.0060961900353921905,0.028613431838204306
267,2089.25,0.0,0.0,0.0,22.816289640845856,18.610492668065305,5.167546525791494,46.59432883470265,7.396880140209544,0.0,0.0,7.396880140209544,15.982468086784298,273.66278255502834,0.0,281.0596626952379,-234.46533386053522,0.12431232936191883,0.012470663945045368,-0.11047078393486298
268,2089.5,0.0,0.0,0.0,22.816289640845856,18.610492668065305,5.167546525791494,46.59432883470265,7.396880140209544,0.0,0.0,7.396880140209544,15.949293510851836,247.08572140261515,0.0,254.48260154282468,-207.88827270812203,-0.08850160204704616,0.0015266814457828293,0.055037912950822276
269,2089.75,0.0,0.0,0.0,22.816289640845856,18.610492668065305,5.167546525791494,46.59432883470265,7.396880140209544,0.0,0.0,7.396880140209544,16.6777308998477,258.3706399248192,0.0,265.76752006502875,-219.1731912303261,-0.03280782167329932,0.016091705866055905,-0.029102633248584753
