,Time,Net Worth,Job Income,Tax Deferred,Pension,His SS,Her SS,Total Income,Income Taxes,Medicare Taxes,SS Taxes,Total Taxes,Inflation,Spending,Kid Costs,Total Costs,Contributions,Stock Alloc,Bond Alloc,RE Alloc,Stock Returns,Bond Returns,RE Returns
0,2022.5,1245.0,75.48375,19.7625,0.0,0.0,0.0,75.48375,12.197001499999999,1.0945143750000002,2.2509629836500005,15.542478858649998,1.0162553106403294,19.27023320036193,0.0,34.81271205901193,40.67103794098807,0.4,0.0,0.6,-0.0033946368256609905,0.004788421135237808,0.11118624553964795
1,2022.75,1368.3656395425571,75.48375,19.7625,0.0,0.0,0.0,75.48375,12.197001499999999,1.0945143750000002,2.2509629836500005,15.542478858649998,1.0432444718560516,19.782001675334456,0.0,35.324480533984456,40.159269466015544,0.4,0.0,0.6,0.04970052983342277,-0.0031787298092930127,-0.04694159195766823
2,2023.0,1397.0219964066978,0.0,0.0,0.0,0.0,0.0,0.0,0.0,0.0,0.0,0.0,1.0494243679658293,17.11329898421653,0.0,17.11329898421653,-17.11329898421653,0.4,0.0,0.6,0.011435017237059641,0.0038071809859758776,-0.041044127459420876
3,2023.25,1352.0665382894417,0.0,0.0,0.0,0.0,0.0,0.0,0.0,0.0,0.0,0.0,1.0529371556052414,17.17058313634447,0.0,17.17058313634447,-17.17058313634447,0.4,0.0,0.6,-0.0527060365536548,0.003243516353786724,0.05323501305294687
4,2023.5,1349.4842714969186,0.0,0.0,0.0,0.0,0.0,0.0,0.0,0.0,0.0,0.0,1.0557463596302081,17.216393725324888,0.0,17.216393725324888,-17.216393725324888,0.4,0.0,0.6,-0.03199462959503785,0.0006556080555351063,-0.015530543318949208
5,2023.75,1302.6128240578153,0.0,0.0,0.0,0.0,0.0,0.0,0.0,0.0,0.0,0.0,1.055111306480211,17.206037710390873,0.0,17.206037710390873,-17.206037710390873,0.4,0.0,0.6,-0.04621710726312933,-3.934300861008211e-05,0.03675948569465648
6,2024.0,1290.0249113146428,0.0,0.0,0.0,0.0,0.0,0.0,0.0,0.0,0.0,0.0,1.065977388055995,17.383234379793294,0.0,17.383234379793294,-17.383234379793294,0.4,0.0,0.6,0.0675681198775282,0.003274863498655467,0.033822437917517156
7,2024.25,1333.2752790583543,0.0,0.0,0.0,0.0,0.0,0.0,0.0,0.0,0.0,0.0,1.0740498492688308,17.514874587978593,0.0,17.514874587978593,-17.514874587978593,0.4,0.0,0.6,0.04666698805390057,0.010436324633132266,-0.05174137039458737
8,2024.5,1299.3654868429123,0.0,0.0,0.0,0.0,0.0,0.0,0.0,0.0,0.0,0.0,1.0738785222843432,17.51208070401792,0.0,17.51208070401792,-17.51208070401792,0.4,0.0,0.6,-0.0057657913890671875,-0.008719623267418486,0.011658883574524381
9,2024.75,1287.905091371695,0.0,0.0,0.0,0.0,0.0,0.0,0.0,0.0,0.0,0.0,1.094982029193398,17.856222344306087,0.0,17.856222344306087,-17.856222344306087,0.4,0.0,0.6,-0.10564099781065983,0.016079152843363476,-0.07709634487891814
10,2025.0,1156.8412370667345,0.0,0.0,0.0,0.0,0.0,0.0,0.0,0.0,0.0,0.0,1.1110911986115646,18.11891972494234,0.0,18.11891972494234,-18.11891972494234,0.4,0.0,0.6,-0.03354902605402621,0.003899854133679437,-0.17280976696473016
11,2025.25,1004.3107921756678,0.0,0.0,0.0,0.0,0.0,0.0,0.0,0.0,0.0,0.0,1.1208042311366493,18.277313254499305,0.0,18.277313254499305,-18.277313254499305,0.4,0.0,0.6,0.010871168204726445,-0.00955031540362794,-0.04850496441449137
12,2025.5,961.3984789798083,0.0,0.0,0.0,0.0,0.0,0.0,0.0,0.0,0.0,0.0,1.1199252520647058,18.262979461499825,0.0,18.262979461499825,-18.262979461499825,0.4,0.0,0.6,0.061206567834319436,0.023779625626989542,-0.06360306311105624
13,2025.75,930.1092386983806,0.0,0.0,0.0,0.0,0.0,0.0,0.0,0.0,0.0,0.0,1.1269533717392783,18.37758925803137,0.0,18.37758925803137,-18.37758925803137,0.4,0.0,0.6,0.09131036562733397,-0.0032220735576465875,0.08569997327859524
14,2026.0,992.7211968940875,0.0,0.0,0.0,0.0,0.0,0.0,0.0,0.0,0.0,0.0,1.1499085899608672,18.751927347240652,2.2502312816688783,21.00215862890953,-21.00215862890953,0.4,0.0,0.6,0.03062906494868134,-0.002889838505963027,-0.08950011299155214
15,2026.25,931.0075448717055,0.0,0.0,0.0,0.0,0.0,0.0,0.0,0.0,0.0,0.0,1.1591184248857673,18.902115072508174,2.268253808700981,21.170368881209153,-21.170368881209153,0.4,0.0,0.6,-0.01471415442974311,-0.005874335208260195,-0.07399650398529811
16,2026.5,863.5550591726292,0.0,0.0,0.0,0.0,0.0,0.0,0.0,0.0,0.0,0.0,1.183618540404319,19.30164629630616,2.316197555556739,21.6178438518629,-21.6178438518629,0.4,0.0,0.6,-0.1259443376297078,0.003098304192165724,0.07870837577656364
17,2026.75,839.2487543994912,0.0,0.0,0.0,0.0,0.0,0.0,0.0,0.0,0.0,0.0,1.21933516672233,19.884088750994387,2.386090650119326,22.27017940111371,-22.27017940111371,0.4,0.0,0.6,0.00438470344869879,-0.003030425839715023,-0.08260509731560262
18,2027.0,777.387142218484,0.0,0.0,0.0,0.0,0.0,0.0,0.0,0.0,0.0,0.0,1.2144207960362199,19.803948535617373,2.376473824274085,22.18042235989146,-22.18042235989146,0.4,0.0,0.6,-0.06326080413686996,0.0007709198213996515,-0.05213742845708513
19,2027.25,711.8444449812037,0.0,0.0,0.0,0.0,0.0,0.0,0.0,0.0,0.0,0.0,1.2164612223161906,19.837222419901266,2.3804666903881517,22.217689110289417,-22.217689110289417,0.4,0.0,0.6,-0.1590322787331242,0.003702060321548517,-0.04515325927543634
20,2027.5,626.0666263911024,0.0,0.0,0.0,0.0,0.0,0.0,0.0,0.0,0.0,0.0,1.2156067997887032,19.82328907833032,2.3787946893996383,22.202083767729956,-22.202083767729956,0.4,0.0,0.6,0.00821407740783564,-0.0076951792840985744,-0.044949494437233284
21,2027.75,589.2996573171527,0.0,0.0,0.0,0.0,0.0,0.0,0.0,0.0,0.0,0.0,1.211031219944365,19.74867363362314,2.369840836034777,22.118514469657917,-22.118514469657917,0.4,0.0,0.6,-0.028323334161222125,0.001845403107838095,0.13555099860888897
22,2028.0,607.658702616972,0.0,0.0,0.0,0.0,0.0,0.0,0.0,0.0,0.0,0.0,1.2095007625880976,19.723715975768137,2.3668459170921765,22.090561892860315,-22.090561892860315,0.4,0.0,0.6,-0.06565381003917015,0.005287313862440968,0.07902293971024799
23,2028.25,598.1878508934384,0.0,0.0,0.0,0.0,0.0,0.0,0.0,0.0,0.0,0.0,1.2792876392231658,20.861752904856722,2.5034103485828068,23.36516325343953,-23.36516325343953,0.4,0.0,0.6,-0.03558472378668187,-0.013939468512334519,0.07405321045568836
24,2028.5,592.5339953205101,0.0,0.0,0.0,0.0,0.0,0.0,0.0,0.0,0.0,0.0,1.2846457251954029,20.9491289273935,2.5138954712872197,23.46302439868072,-23.46302439868072,0.4,0.0,0.6,-0.10509025833907348,-0.0037875774161652,-0.012912678157095847
25,2028.75,540.1564684013263,0.0,0.0,0.0,0.0,0.0,0.0,0.0,0.0,0.0,0.0,1.2779990389923563,20.84073928854084,2.5008887146249004,23.341628003165738,-23.341628003165738,0.4,0.0,0.6,0.1024235520646346,-0.015212453364423784,-0.030329218373907674
26,2029.0,528.84945748183,0.0,0.0,0.0,0.0,0.0,0.0,0.0,0.0,0.0,0.0,1.277839777468092,20.838142159900972,2.5005770591881165,23.33871921908909,-23.33871921908909,0.4,0.0,0.6,-0.0397305059727443,0.016735131092736832,0.032736308131013026
27,2029.25,507.44994770164584,0.0,0.0,0.0,0.0,0.0,0.0,0.0,0.0,0.0,0.0,1.2701147925927905,20.71216835954427,2.485460203145312,23.19762856268958,-23.19762856268958,0.4,0.0,0.6,-0.09606668490788606,-0.019864496387157815,-0.026943674783516225
28,2029.5,457.182378292805,0.0,0.0,0.0,0.0,0.0,0.0,0.0,0.0,0.0,0.0,1.2740458727784159,20.77627374207692,2.4931528490492303,23.26942659112615,-23.26942659112615,0.4,0.0,0.6,0.011593319343972563,-0.011905324094782399,0.03707336799755012
29,2029.75,445.8898737739238,0.0,0.0,0.0,0.0,0.0,0.0,0.0,0.0,0.0,0.0,1.2709457347660533,20.72571879946516,2.487086255935819,23.212805055400977,-23.212805055400977,0.4,0.0,0.6,0.036600528441950164,-0.005123911996267494,-0.06654500471258384
30,2030.0,411.69543315060304,0.0,0.0,0.0,0.0,0.0,0.0,0.0,0.0,0.0,0.0,1.279479195884127,20.864876680625144,2.5037852016750173,23.368661882300163,-23.368661882300163,0.4,0.0,0.6,0.02938312223739148,-0.0049833485553834045,0.04630453238381893
31,2030.25,404.1415975350033,0.0,0.0,0.0,0.0,0.0,0.0,0.0,0.0,0.0,0.0,1.3343880258320002,21.760292541410696,2.6112351049692832,24.371527646379977,-24.371527646379977,0.4,0.0,0.6,-0.046924056242813705,-0.01928884300678213,-0.07708554762140885
32,2030.5,354.2847288032579,0.0,0.0,0.0,0.0,0.0,0.0,0.0,0.0,0.0,0.0,1.3346489283584562,21.764547162398422,2.6117456594878106,24.37629282188623,-24.37629282188623,0.4,0.0,0.6,0.12408661636599039,-0.00037588884197359285,-0.03188559234262922
33,2030.75,340.34350763236347,0.0,0.0,0.0,0.0,0.0,0.0,0.0,0.0,0.0,0.0,1.3802581947938677,22.50831206512594,2.7009974478151126,25.20930951294105,-25.20930951294105,0.4,0.0,0.6,-0.04728293764922287,0.02419845200613646,0.017897885579987616
34,2031.0,312.4551153144524,0.0,0.0,0.0,0.0,0.0,0.0,0.0,0.0,0.0,0.0,1.3749882962277313,22.42237414284041,2.6906848971408492,25.11305903998126,-25.11305903998126,0.4,0.0,0.6,-0.002055168154429632,0.009603969427235404,0.0026628871270959475
35,2031.25,287.5746771153657,0.0,0.0,0.0,0.0,0.0,0.0,0.0,0.0,0.0,0.0,1.4273327501179545,23.275971902653524,2.7931166283184226,26.069088530971946,-26.069088530971946,0.4,0.0,0.6,0.1261693236433472,0.0014794992230486859,0.06346171410827517
36,2031.5,285.81467818754356,0.0,0.0,0.0,0.0,0.0,0.0,0.0,0.0,0.0,0.0,1.4502593551591358,23.649843387573682,2.8379812065088417,26.487824594082525,-26.487824594082525,0.4,0.0,0.6,0.09201649129287803,5.469914410971555e-06,-0.008541884117154175
37,2031.75,267.9622950583872,0.0,0.0,0.0,0.0,0.0,0.0,0.0,0.0,0.0,0.0,1.4582930305602748,23.780851103116184,2.853702132373942,26.634553235490127,-26.634553235490127,0.4,0.0,0.6,0.011166694684207723,-0.020898829365616156,0.10130580754217888
38,2032.0,257.9433706302429,0.0,0.0,0.0,0.0,0.0,0.0,0.0,0.0,0.0,0.0,1.4607631118791693,23.82113150960942,2.85853578115313,26.67966729076255,-26.67966729076255,0.4,0.0,0.6,-0.005122548793218495,-0.006282540976162765,-0.04718074177704268
39,2032.25,223.8381601284604,0.0,0.0,0.0,0.0,0.0,0.0,0.0,0.0,0.0,0.0,1.532264304368541,24.987124335915205,2.9984549203098245,27.98557925622503,-27.98557925622503,0.4,0.0,0.6,0.03736916214172692,-0.0004782587431849672,-0.05462114189842304
40,2032.5,192.11208288690668,0.0,0.0,0.0,0.0,0.0,0.0,0.0,0.0,0.0,0.0,1.525309587000842,24.87371153429057,2.9848453841148683,27.85855691840544,-27.85855691840544,0.4,0.0,0.6,0.06492604896738596,0.01907997892475377,0.056675033049478296
41,2032.75,174.94011796054224,0.0,0.0,0.0,0.0,0.0,0.0,0.0,0.0,0.0,0.0,1.5426655685476216,25.156741079288004,3.0188089295145604,28.175550008802563,-28.175550008802563,0.4,0.0,0.6,0.09184430398823307,-0.016345369755327188,-0.02595997388991489
42,2033.0,150.16848297124918,0.0,0.0,0.0,0.0,0.0,0.0,0.0,0.0,0.0,0.0,1.5500296388698789,25.27682933053556,3.033219519664267,28.310048850199827,-28.310048850199827,0.4,0.0,0.6,0.040185558831208334,0.00621603131047066,-0.007504227226109217
43,2033.25,123.43233931790274,0.0,0.0,0.0,0.0,0.0,0.0,0.0,0.0,0.0,0.0,1.551028683288333,25.293121067561504,3.0351745281073805,28.328295595668884,-28.328295595668884,0.4,0.0,0.6,0.18019210491727033,-0.0038765647277260173,0.08549736668910723
44,2033.5,108.5850354771438,0.0,0.0,0.0,0.0,0.0,0.0,0.0,0.0,0.0,0.0,1.5510192300419245,25.29296691044728,3.0351560292536734,28.328122939700954,-28.328122939700954,0.4,0.0,0.6,-0.014474298082074566,0.028682545727524156,0.031659665699682815
45,2033.75,81.50384349151591,0.0,0.0,0.0,0.0,0.0,0.0,0.0,0.0,0.0,0.0,1.5704071727382132,25.609132296137325,3.073095875536479,28.682228171673803,-28.682228171673803,0.4,0.0,0.6,-0.07550410889062176,0.026210101729162716,0.006645589551022013
46,2034.0,51.06099206572091,0.0,0.0,0.0,0.0,0.0,0.0,0.0,0.0,0.0,0.0,1.566660387579238,25.548032271578663,3.0657638725894394,28.613796144168102,-28.613796144168102,0.4,0.0,0.6,0.06283914871625096,0.001958115670160687,-0.043946732980571834
47,2034.25,22.401900900102977,0.0,0.0,0.0,0.0,0.0,0.0,0.0,0.0,0.0,0.0,1.6310591671207428,26.598203777171435,3.191784453260572,29.789988230432005,-29.789988230432005,0.4,0.0,0.6,-0.12147378141370646,0.012906585193714903,0.06018909575687248
48,2034.5,0.0,0.0,0.0,0.0,0.0,0.0,0.0,0.0,0.0,0.0,0.0,1.634186267832524,26.64919840915068,3.1979038090980816,29.847102218248764,-29.847102218248764,0.4,0.0,0.6,-0.09803754314839963,0.012616154020279602,2.5098126763323236e-05
49,2034.75,0.0,0.0,0.0,0.0,0.0,0.0,0.0,0.0,0.0,0.0,0.0,1.6460642140614663,26.842895879248836,3.2211475055098604,30.064043384758698,-30.064043384758698,0.4,0.0,0.6,-0.030316717382042113,0.004936131377964337,0.12746314979387585
50,2035.0,0.0,0.0,0.0,0.0,0.0,0.0,0.0,0.0,0.0,0.0,0.0,1.660587351485976,27.07972932863429,3.249567519436115,30.329296848070406,-30.329296848070406,0.4,0.0,0.6,0.01941770362051387,0.007080532927668637,0.08912998440131203
51,2035.25,0.0,0.0,0.0,0.0,0.0,0.0,0.0,0.0,0.0,0.0,0.0,1.688075452773969,27.527986592530006,3.3033583911036004,30.831344983633606,-30.831344983633606,0.4,0.0,0.6,0.07574770404888032,-0.00519442711955842,-0.05339949703465252
52,2035.5,0.0,0.0,0.0,0.0,0.0,0.0,0.0,0.0,0.0,0.0,0.0,1.7577007403435483,28.663388437019155,3.4396066124422986,32.102995049461455,-32.102995049461455,0.4,0.0,0.6,0.051173060032336126,0.017376658910746245,-0.11576368093702416
53,2035.75,0.0,0.0,0.0,0.0,0.0,0.0,0.0,0.0,0.0,0.0,0.0,1.8051579792631731,29.437288818397935,3.532474658207752,32.969763476605685,-32.969763476605685,0.4,0.0,0.6,0.04192131957098577,0.011467168620143076,-0.009235997520901207
54,2036.0,0.0,0.0,0.0,0.0,0.0,0.0,0.0,0.0,0.0,0.0,0.0,1.8035409949865893,29.410920138364713,3.5293104166037654,32.94023055496848,-32.94023055496848,0.4,0.0,0.6,-0.03538394571930348,0.010828118245485463,0.05823714517777412
55,2036.25,0.0,0.0,0.0,0.0,0.0,0.0,0.0,0.0,0.0,0.0,0.0,1.8120779600778054,29.550135159936,3.54601621919232,33.09615137912832,-33.09615137912832,0.4,0.0,0.6,0.0683275173077611,0.013472530430987284,0.015662848343767743
56,2036.5,0.0,0.0,0.0,0.0,0.0,0.0,0.0,0.0,0.0,0.0,0.0,1.8101889063876835,29.519329756914004,3.5423195708296804,33.06164932774369,-33.06164932774369,0.4,0.0,0.6,0.08848486714078407,-0.01311474778060695,-0.07270799832397934
57,2036.75,0.0,0.0,0.0,0.0,0.0,0.0,0.0,0.0,0.0,0.0,0.0,1.8549788707529742,30.249734038607393,3.6299680846328872,33.87970212324028,-33.87970212324028,0.4,0.0,0.6,0.04736528732400225,0.02596712321570349,0.010479119900609568
58,2037.0,0.0,0.0,0.0,0.0,0.0,0.0,0.0,0.0,0.0,0.0,0.0,1.882370181610929,30.69641290998754,3.6835695491985048,34.379982459186046,-34.379982459186046,0.4,0.0,0.6,-0.025361279768424727,-0.014347931677971215,0.13480897088884136
59,2037.25,0.0,0.0,0.0,0.0,0.0,0.0,0.0,0.0,0.0,0.0,0.0,1.884521180435473,30.731489936139003,3.68777879233668,34.419268728475686,-34.419268728475686,0.4,0.0,0.6,-0.1090065618677607,0.005672451697007919,-0.08313047974795207
60,2037.5,0.0,0.0,0.0,0.0,0.0,0.0,0.0,0.0,0.0,0.0,0.0,1.8749566857778601,30.57551866111902,3.6690622393342824,34.2445809004533,-34.2445809004533,0.4,0.0,0.6,-0.06345245343903749,0.015196611146525374,-0.02882093271299202
61,2037.75,0.0,0.0,0.0,0.0,0.0,0.0,0.0,0.0,0.0,0.0,0.0,1.8889817012704746,30.804229076762038,3.6965074892114442,34.50073656597348,-34.50073656597348,0.4,0.0,0.6,0.11308716091357951,0.008799347799461232,0.008540969800515663
62,2038.0,0.0,0.0,0.0,0.0,0.0,0.0,0.0,0.0,0.0,0.0,0.0,1.8867278304718103,30.76747448440957,3.692096938129148,34.459571422538716,-34.459571422538716,0.4,0.0,0.6,-0.06760923260203844,0.0025063142087133894,0.07243295605524991
63,2038.25,0.0,0.0,0.0,0.0,0.0,0.0,0.0,0.0,0.0,0.0,0.0,1.9196577925054368,31.304473912879768,3.756536869545572,35.06101078242534,-35.06101078242534,0.4,0.0,0.6,0.16234498821075638,-0.021354204646338082,0.12404194550062586
64,2038.5,0.0,0.0,0.0,0.0,0.0,0.0,0.0,0.0,0.0,0.0,0.0,1.945369304916951,31.723759773458298,3.8068511728149956,35.53061094627329,-35.53061094627329,0.4,0.0,0.6,0.05814208920099584,0.002963456295540956,0.07899023999159116
65,2038.75,0.0,0.0,0.0,0.0,0.0,0.0,0.0,0.0,0.0,0.0,0.0,1.9644264154390871,32.03453017301814,3.8441436207621766,35.878673793780315,-35.878673793780315,0.4,0.0,0.6,0.011468292335463204,0.01022217583036178,0.00226091359507552
66,2039.0,0.0,0.0,0.0,0.0,0.0,0.0,0.0,0.0,0.0,0.0,0.0,2.001207579924268,32.63433239225062,3.9161198870700744,36.550452279320695,-36.550452279320695,0.4,0.0,0.6,-0.10380210112630772,0.0005380200978313265,0.11592530315666716
67,2039.25,0.0,0.0,0.0,0.0,0.0,0.0,0.0,0.0,0.0,0.0,0.0,2.0047577504069736,32.69222615836665,3.923067139003998,36.61529329737065,-36.61529329737065,0.4,0.0,0.6,-0.05241539702775844,-0.004326262924413182,0.03776374987615583
68,2039.5,0.0,0.0,0.0,0.0,0.0,0.0,0.0,0.0,0.0,0.0,0.0,2.01664016589528,32.88599651010742,3.94631958121289,36.83231609132031,-36.83231609132031,0.4,0.0,0.6,0.037275475360867505,0.0028731593569493175,0.1892642990646276
69,2039.75,0.0,0.0,0.0,0.0,0.0,0.0,0.0,0.0,0.0,0.0,0.0,2.0339886799164266,33.16890427977475,3.98026851357297,37.149172793347724,-37.149172793347724,0.4,0.0,0.6,-0.09362540115611073,0.016992234934953165,-0.0533397121893201
70,2040.0,0.0,0.0,0.0,0.0,0.0,0.0,0.0,0.0,0.0,0.0,0.0,2.020632649906832,32.951103224478686,3.954132386937442,36.90523561141613,-36.90523561141613,0.4,0.0,0.6,0.034809473845155425,0.009887028085995508,-0.043983144579106015
71,2040.25,0.0,0.0,0.0,0.0,0.0,0.0,0.0,0.0,0.0,0.0,0.0,2.050360783960389,33.43588941949294,4.012306730339152,37.44819614983209,-37.44819614983209,0.4,0.0,0.6,0.04966170242522683,0.002250913179070002,-0.07194597497786948
72,2040.5,0.0,0.0,0.0,0.0,0.0,0.0,0.0,0.0,0.0,0.0,0.0,2.0743505085432137,33.82709753497693,4.059251704197231,37.88634923917416,-37.88634923917416,0.4,0.0,0.6,-0.12982277278480725,-0.0018399792791317093,-0.016400422736284614
73,2040.75,0.0,0.0,0.0,0.0,0.0,0.0,0.0,0.0,0.0,0.0,0.0,2.0997791406938724,34.24177037662,4.1090124451944,38.350782821814406,-38.350782821814406,0.4,0.0,0.6,-8.944441516745005e-05,0.02065077355158418,0.021470848636720996
74,2041.0,0.0,0.0,0.0,0.0,0.0,0.0,0.0,0.0,0.0,0.0,0.0,2.1775972077583816,35.510774498022414,4.26129293976269,39.772067437785104,-39.772067437785104,0.4,0.0,0.6,0.13266820482259,0.034758581526761034,0.01228027904476181
75,2041.25,0.0,0.0,0.0,0.0,0.0,0.0,0.0,0.0,0.0,0.0,0.0,2.1935263229834994,35.77053567731528,4.292464281277834,40.06299995859311,-40.06299995859311,0.4,0.0,0.6,-0.02294119833196384,0.00949351907046081,0.12537716821518652
76,2041.5,0.0,0.0,0.0,0.0,0.0,0.0,0.0,0.0,0.0,0.0,0.0,2.195825252380034,35.80802505464198,4.2969630065570374,40.104988061199016,-40.104988061199016,0.4,0.0,0.6,-0.00985519610644725,-0.010684312853957989,-0.13508399924000325
77,2041.75,0.0,0.0,0.0,0.0,0.0,0.0,0.0,0.0,0.0,0.0,0.0,2.2033554455038717,35.930822323574205,4.311698678828904,40.24252100240311,-40.24252100240311,0.4,0.0,0.6,-0.022968186500561316,0.00444050892388681,-0.025054856182487262
78,2042.0,0.0,0.0,0.0,0.0,0.0,0.0,0.0,0.0,0.0,0.0,0.0,2.1981684395523917,35.84623615768152,4.301548338921782,40.1477844966033,-40.1477844966033,0.4,0.0,0.6,-0.07964884518556348,-0.020662086231662324,-0.08197845101488777
79,2042.25,0.0,0.0,0.0,0.0,0.0,0.0,0.0,0.0,0.0,0.0,0.0,2.2014871273385292,35.90035506139015,4.308042607366818,40.208397668756966,-40.208397668756966,0.4,0.0,0.6,-0.03227176359263684,-0.005004398825348311,0.10096172883411692
80,2042.5,0.0,0.0,0.0,0.0,0.0,0.0,0.0,0.0,0.0,0.0,0.0,2.231729245380733,36.393522957782146,4.367222754933858,40.760745712716,-40.760745712716,0.4,0.0,0.6,0.0478484062405935,-0.0008610126152220898,0.05103023691995001
81,2042.75,0.0,0.0,0.0,0.0,0.0,0.0,0.0,0.0,0.0,0.0,0.0,2.253276738782252,36.74490482787859,4.409388579345431,41.154293407224024,-41.154293407224024,0.4,0.0,0.6,0.146904780929485,0.007033761545020223,-0.029661254833669326
82,2043.0,0.0,0.0,0.0,0.0,0.0,0.0,0.0,0.0,0.0,0.0,0.0,2.2992882892127007,37.49522990444406,4.499427588533287,41.994657492977346,-41.994657492977346,0.4,0.0,0.6,0.08482062809890833,0.009846168618010465,0.09751092467391498
83,2043.25,0.0,0.0,0.0,0.0,0.0,0.0,0.0,0.0,0.0,0.0,0.0,2.3481542056570652,38.29210204099557,4.595052244919469,42.887154285915045,-42.887154285915045,0.4,0.0,0.6,0.046271565356238886,-0.007221852029327791,-0.07069882305072306
84,2043.5,0.0,0.0,0.0,0.0,0.0,0.0,0.0,0.0,0.0,0.0,0.0,2.365699253776423,38.57821475509335,4.629385770611202,43.20760052570455,-43.20760052570455,0.4,0.0,0.6,0.08611287364015685,0.029050513693292812,0.1165407742529938
85,2043.75,0.0,0.0,0.0,0.0,0.0,0.0,0.0,0.0,0.0,0.0,0.0,2.3774116760967994,38.76921297384687,4.6523055568616245,43.4215185307085,-43.4215185307085,0.4,0.0,0.6,-0.005194837096659133,0.0016039167062495974,0.01894165754914745
86,2044.0,0.0,0.0,0.0,0.0,0.0,0.0,0.0,0.0,0.0,0.0,0.0,2.3684719349475745,38.62342975420928,4.634811570505113,43.2582413247144,-43.2582413247144,0.4,0.0,0.6,0.12386251881479393,0.03238530711670262,0.04840184167455619
87,2044.25,0.0,0.0,0.0,0.0,0.0,0.0,0.0,0.0,0.0,0.0,0.0,2.4456133335443715,39.8813992263748,4.785767907164976,44.66716713353978,-44.66716713353978,0.4,0.0,0.6,0.09482548013927494,0.016871657559376807,0.10494061598164262
88,2044.5,0.0,0.0,0.0,0.0,0.0,0.0,0.0,0.0,0.0,0.0,0.0,2.5750001883704865,41.99135207181781,5.0389622486181365,47.03031432043594,-47.03031432043594,0.4,0.0,0.6,0.0033222377026369543,-0.005466113554221108,-0.09722662978548291
89,2044.75,0.0,0.0,0.0,0.0,0.0,0.0,0.0,0.0,0.0,0.0,0.0,2.573221972338726,41.96235413395876,5.035482496075051,46.99783663003382,-46.99783663003382,0.4,0.0,0.6,-0.02757172481561676,0.002398942680117422,-0.041786763691728956
90,2045.0,0.0,0.0,0.0,0.0,0.0,0.0,0.0,0.0,0.0,0.0,0.0,2.578461401799641,42.047795186795334,5.04573542241544,47.093530609210774,-47.093530609210774,0.4,0.0,0.6,0.14749019018895693,0.013229068330910199,-0.11205630150823898
91,2045.25,0.0,0.0,0.0,0.0,0.0,0.0,0.0,0.0,0.0,0.0,0.0,2.6657157627690817,43.47067997251951,5.216481596702342,48.68716156922186,-48.68716156922186,0.4,0.0,0.6,0.0779297360399307,-0.013692537651491254,0.09816232914434075
92,2045.5,0.0,0.0,0.0,0.0,0.0,0.0,0.0,0.0,0.0,0.0,0.0,2.7436769945865516,44.74201872736117,5.36904224728334,50.11106097464451,-50.11106097464451,0.4,0.0,0.6,0.03937540179876575,-0.011281210797506214,-0.011830072605690578
93,2045.75,0.0,0.0,0.0,0.0,0.0,0.0,0.0,0.0,0.0,0.0,0.0,2.7348035674713045,44.59731691189616,5.351678029427538,49.9489949413237,-49.9489949413237,0.4,0.0,0.6,-0.04156368812839528,0.0010030921893984246,-0.03880709455152376
94,2046.0,0.0,0.0,0.0,0.0,0.0,0.0,0.0,0.0,0.0,0.0,0.0,2.7217160875407824,44.38389518867556,5.326067422641067,49.70996261131663,-49.70996261131663,0.4,0.0,0.6,0.061600784997305036,0.012353058150113894,0.04236329166099462
95,2046.25,0.0,0.0,0.0,0.0,0.0,0.0,0.0,0.0,0.0,0.0,0.0,2.743138656889618,44.73323988226921,5.3679887858723045,50.101228668141516,-50.101228668141516,0.4,0.0,0.6,0.09303094023248537,-0.008108745328438083,0.07893649164797956
96,2046.5,0.0,0.0,0.0,0.0,0.0,0.0,0.0,0.0,0.0,0.0,0.0,2.7741936115985326,45.23966296629299,5.428759555955159,50.66842252224815,-50.66842252224815,0.4,0.0,0.6,0.1826159087002186,-0.005347320588426019,0.03916710500824472
97,2046.75,0.0,0.0,0.0,0.0,0.0,0.0,0.0,0.0,0.0,0.0,0.0,2.804351772181178,45.73146174152558,5.487775408983069,51.21923715050865,-51.21923715050865,0.4,0.0,0.6,0.09642850032172401,0.0035602146573832094,0.0540074482242745
98,2047.0,0.0,0.0,0.0,0.0,0.0,0.0,0.0,0.0,0.0,0.0,0.0,2.8218006083956313,46.01600549730225,5.52192065967627,51.53792615697852,-51.53792615697852,0.4,0.0,0.6,-0.0008765709708522529,0.007954286436301361,0.0303732791177711
99,2047.25,0.0,0.0,0.0,0.0,0.0,0.0,0.0,0.0,0.0,0.0,0.0,2.8303565734523266,46.1555303573906,5.538663642886872,51.69419400027748,-51.69419400027748,0.4,0.0,0.6,-0.048863335312429035,-0.005609584520881339,-0.07433964848009988
100,2047.5,0.0,0.0,0.0,0.0,0.0,0.0,0.0,0.0,0.0,0.0,0.0,2.8464837785367876,46.418521851408535,5.570222622169024,51.98874447357756,-51.98874447357756,0.4,0.0,0.6,-0.09263218772811554,0.0134863706898396,-0.13087266968593725
101,2047.75,0.0,0.0,0.0,0.0,0.0,0.0,0.0,0.0,0.0,0.0,0.0,2.8641565624245207,46.70671759355664,5.604806111226797,52.31152370478344,-52.31152370478344,0.4,0.0,0.6,-0.08138172991859649,0.011581023005149182,0.038966295003872053
102,2048.0,0.0,0.0,0.0,0.0,0.0,0.0,0.0,0.0,0.0,0.0,0.0,2.9243743968695033,47.688709089557996,0.0,47.688709089557996,-47.688709089557996,0.4,0.0,0.6,0.07085817145851903,0.021030820218236768,0.09748841422712018
103,2048.25,0.0,0.0,0.0,0.0,0.0,0.0,0.0,0.0,0.0,0.0,0.0,2.961488662771461,48.293943300186314,0.0,48.293943300186314,-48.293943300186314,0.4,0.0,0.6,0.08119843659462322,-0.015018704258058957,-0.02448778941747931
104,2048.5,0.0,0.0,0.0,0.0,0.0,0.0,0.0,0.0,0.0,0.0,0.0,2.974207455926775,48.501352730183825,0.0,48.501352730183825,-48.501352730183825,0.4,0.0,0.6,-0.2603238166536055,0.004598273001890307,0.06191275541441743
105,2048.75,0.0,0.0,0.0,0.0,0.0,0.0,0.0,0.0,0.0,0.0,0.0,2.992212239746494,48.794962501462805,0.0,48.794962501462805,-48.794962501462805,0.4,0.0,0.6,0.02275758123932925,0.0011901880732831938,-0.047282775516609976
106,2049.0,0.0,0.0,0.0,0.0,0.0,0.0,0.0,0.0,0.0,0.0,0.0,3.0362659031789696,49.51335968822848,0.0,49.51335968822848,-49.51335968822848,0.4,0.0,0.6,0.09473881781746307,0.012834002559984237,0.04343509714107108
107,2049.25,0.0,0.0,0.0,0.0,0.0,0.0,0.0,0.0,0.0,0.0,0.0,3.025464577109383,49.337219007587386,0.0,49.337219007587386,-49.337219007587386,0.4,0.0,0.6,-0.08534281557143242,-0.013119739616709536,-0.0225151289051565
108,2049.5,0.0,0.0,0.0,0.0,0.0,0.0,0.0,0.0,0.0,0.0,0.0,3.0396264133872153,49.56816060355761,0.0,49.56816060355761,-49.56816060355761,0.4,0.0,0.6,0.04134827502024452,-0.0020960874423409104,0.04620091161074402
109,2049.75,0.0,0.0,0.0,0.0,0.0,0.0,0.0,0.0,0.0,0.0,0.0,3.040758137775535,49.58661599530974,0.0,49.58661599530974,-49.58661599530974,0.4,0.0,0.6,0.06566555941065433,0.02830375263209506,0.07868786463120103
110,2050.0,0.0,0.0,0.0,0.0,0.0,0.0,0.0,0.0,0.0,0.0,0.0,3.1990474535893942,52.16789052086741,0.0,52.16789052086741,-52.16789052086741,0.4,0.0,0.6,0.00627539624239537,0.020482018008952663,0.08996914731635752
111,2050.25,0.0,0.0,0.0,0.0,0.0,0.0,0.0,0.0,0.0,0.0,0.0,3.2073598618023262,52.303443621566316,0.0,52.303443621566316,-52.303443621566316,0.4,0.0,0.6,-0.05774790335717084,0.0005448179178917378,-0.004779420099192411
112,2050.5,0.0,0.0,0.0,0.0,0.0,0.0,0.0,0.0,0.0,0.0,0.0,3.2166628016652954,52.45514963885252,0.0,52.45514963885252,-52.45514963885252,0.4,0.0,0.6,-0.08944353276177286,-0.008861263403900144,0.03378482112483461
113,2050.75,0.0,0.0,0.0,0.0,0.0,0.0,0.0,0.0,0.0,0.0,0.0,3.2299554248652433,52.67191669901349,0.0,52.67191669901349,-52.67191669901349,0.4,0.0,0.6,-0.04495541615087284,-0.012326128104604761,0.06316993596730969
114,2051.0,0.0,0.0,0.0,0.0,0.0,1.7562685328995387,1.7562685328995387,0.0,0.0,0.0,0.0,3.2751789750994167,53.40939160421823,0.0,53.40939160421823,-51.65312307131869,0.4,0.0,0.6,0.09528665582609519,0.015509708937314182,-0.02913749480608452
115,2051.25,0.0,0.0,0.0,0.0,0.0,1.7562685328995387,1.7562685328995387,0.0,0.0,0.0,0.0,3.264906840087393,53.241880611493954,0.0,53.241880611493954,-51.485612078594414,0.4,0.0,0.6,-0.01678960435476795,0.00984851543388876,0.019258195789683574
116,2051.5,0.0,0.0,0.0,0.0,0.0,1.7562685328995387,1.7562685328995387,0.0,0.0,0.0,0.0,3.257590297304341,53.12256740703704,0.0,53.12256740703704,-51.3662988741375,0.4,0.0,0.6,0.06950100668295334,0.019197958067625365,0.10009965035852986
117,2051.75,0.0,0.0,0.0,0.0,0.0,1.7562685328995387,1.7562685328995387,0.0,0.0,0.0,0.0,3.237282821126596,52.79140689461417,0.0,52.79140689461417,-51.03513836171463,0.4,0.0,0.6,0.030401433139231715,-0.004078981991007424,0.051073188105156486
118,2052.0,0.0,0.0,0.0,9.689107449164046,0.0,1.8265192742155203,11.515626723379567,0.5117781654444385,0.0,0.0,0.5117781654444385,3.256275293278779,53.1011232155909,0.0,53.61290138103534,-42.097274657655774,0.4,0.0,0.6,-0.08248372795763081,0.0015207457652863798,-0.01206936124588276
119,2052.25,0.0,0.0,0.0,9.689107449164046,0.0,1.8265192742155203,11.515626723379567,0.5117781654444385,0.0,0.0,0.5117781654444385,3.287853384176029,53.61607724884144,0.0,54.12785541428588,-42.61222869090631,0.4,0.0,0.6,-0.1303221916979057,-0.003197845079812578,0.08858869616323295
120,2052.5,0.0,0.0,0.0,9.689107449164046,0.0,1.8265192742155203,11.515626723379567,0.5117781654444385,0.0,0.0,0.5117781654444385,3.2995165199018692,53.806271735326156,0.0,54.318049900770596,-42.80242317739103,0.4,0.0,0.6,0.1508957271010778,0.020145089975564856,-0.029773469724453272
121,2052.75,0.0,0.0,0.0,9.689107449164046,0.0,1.8265192742155203,11.515626723379567,0.5117781654444385,0.0,0.0,0.5117781654444385,3.3883916036021327,55.255586165253135,0.0,55.767364330697575,-44.251737607318006,0.4,0.0,0.6,0.05004383319399763,-0.0008863929541623738,0.01885064468486153
122,2053.0,0.0,0.0,0.0,10.076671747130609,0.0,1.8995800451841411,11.97625179231475,0.5620182007392521,0.0,0.0,0.5620182007392521,3.41742579836388,55.729056070175275,0.0,56.29107427091453,-44.31482247859978,0.4,0.0,0.6,0.1308397331273916,0.003518458078439979,0.10507844093174401
123,2053.25,0.0,0.0,0.0,10.076671747130609,0.0,1.8995800451841411,11.97625179231475,0.5620182007392521,0.0,0.0,0.5620182007392521,3.4033960999205077,55.50026928815571,0.0,56.06228748889496,-44.08603569658021,0.4,0.0,0.6,0.11573539017185053,0.00035683083344584254,0.11903174308077835
124,2053.5,0.0,0.0,0.0,10.076671747130609,0.0,1.8995800451841411,11.97625179231475,0.5620182007392521,0.0,0.0,0.5620182007392521,3.4822859727779996,56.78675168960214,0.0,57.348769890341394,-45.372518098026646,0.4,0.0,0.6,0.08461682135237947,-0.0053789710150876635,0.11708590882890269
125,2053.75,0.0,0.0,0.0,10.076671747130609,0.0,1.8995800451841411,11.97625179231475,0.5620182007392521,0.0,0.0,0.5620182007392521,3.4837326282109964,56.810342762677756,0.0,57.37236096341701,-45.39610917110226,0.4,0.0,0.6,-0.003760068678017814,0.00813737167306372,0.058731358789002375
126,2054.0,0.0,0.0,0.0,10.479738617015833,0.0,1.9755632469915068,12.45530186400734,0.6156718087688223,0.0,0.0,0.6156718087688223,3.592588708189906,58.58549369283943,0.0,59.20116550160825,-46.74586363760091,0.4,0.0,0.6,0.07810317767996233,0.0032763503481574308,0.008464128819646088
127,2054.25,0.0,0.0,0.0,10.479738617015833,0.0,1.9755632469915068,12.45530186400734,0.6156718087688223,0.0,0.0,0.6156718087688223,3.646561285043993,59.465641774823624,0.0,60.08131358359245,-47.62601171958511,0.4,0.0,0.6,-0.018438239196203243,0.0016543693757717914,-0.0060757708232002106
128,2054.5,0.0,0.0,0.0,10.479738617015833,0.0,1.9755632469915068,12.45530186400734,0.6156718087688223,0.0,0.0,0.6156718087688223,3.7096313925437814,60.49414620025706,0.0,61.10981800902589,-48.65451614501855,0.4,0.0,0.6,0.14385083035973611,-0.004961559236127733,0.10216883598586546
129,2054.75,0.0,0.0,0.0,10.479738617015833,0.0,1.9755632469915068,12.45530186400734,0.6156718087688223,0.0,0.0,0.6156718087688223,3.7074421749307005,60.45844592809092,0.0,61.07411773685974,-48.6188158728524,0.4,0.0,0.6,0.03685856056392223,0.006000138139864664,0.1038484654862204
130,2055.0,0.0,0.0,0.0,10.898928161696467,0.0,2.0545857768711673,12.953513938567635,0.6714715611195752,0.0,0.0,0.6714715611195752,3.8783225560547994,63.245046984803565,0.0,63.91651854592314,-50.9630046073555,0.4,0.0,0.6,-0.06969644805668518,0.006525122698500141,-0.09396376750616653
131,2055.25,0.0,0.0,0.0,10.898928161696467,0.0,2.0545857768711673,12.953513938567635,0.6714715611195752,0.0,0.0,0.6714715611195752,3.9798103492451644,64.90004090445267,0.0,65.57151246557224,-52.6179985270046,0.4,0.0,0.6,-0.00030992254046868783,-0.010176219338025927,0.052153915023473996
132,2055.5,0.0,0.0,0.0,10.898928161696467,0.0,2.0545857768711673,12.953513938567635,0.6714715611195752,0.0,0.0,0.6714715611195752,3.973190427524544,64.79208772257955,0.0,65.46355928369913,-52.51004534513149,0.4,0.0,0.6,0.20625791356509637,0.012438974606224562,0.03968461022724723
133,2055.75,0.0,0.0,0.0,10.898928161696467,0.0,2.0545857768711673,12.953513938567635,0.6714715611195752,0.0,0.0,0.6714715611195752,3.954096392764599,64.480715187658,0.0,65.15218674877758,-52.19867281020994,0.4,0.0,0.6,0.08993815190027887,0.021427494149549142,-0.0014056257087247115
134,2056.0,0.0,0.0,0.0,11.334885288164326,0.0,2.136769207946014,13.47165449611034,0.7297737755021235,0.0,0.0,0.7297737755021235,4.003639673470642,65.28863331998127,0.0,66.0184070954834,-52.54675259937306,0.4,0.0,0.6,0.12404771098801048,0.013437598555690045,0.023916966991227362
135,2056.25,0.0,0.0,0.0,11.334885288164326,0.0,2.136769207946014,13.47165449611034,0.7297737755021235,0.0,0.0,0.7297737755021235,4.022496783478204,65.5961422471498,0.0,66.32591602265192,-52.854261526541585,0.4,0.0,0.6,0.14095067830454155,-0.005503579046228446,0.027293343254922497
136,2056.5,0.0,0.0,0.0,11.334885288164326,0.0,2.136769207946014,13.47165449611034,0.7297737755021235,0.0,0.0,0.7297737755021235,4.016150610997856,65.49265318173758,0.0,66.2224269572397,-52.750772461129365,0.4,0.0,0.6,0.0799518699749655,0.004588682924114407,0.06079757854827306
137,2056.75,0.0,0.0,0.0,11.334885288164326,0.0,2.136769207946014,13.47165449611034,0.7297737755021235,0.0,0.0,0.7297737755021235,4.004894908041155,65.3091028317977,0.0,66.03887660729983,-52.56722211118949,0.4,0.0,0.6,0.055520250646086344,0.021145478140552454,-0.012282700796428792
138,2057.0,0.0,0.0,0.0,11.7882806996909,10.763953457815848,2.2222399762638547,24.7744741337706,2.2553702752629667,0.0,0.0,2.2553702752629667,4.123612130860988,67.24506257383203,0.0,69.50043284909499,-44.725958715324396,0.4,0.0,0.6,-0.0939765982669325,0.00011224968282430581,-0.11542992053804602
139,2057.25,0.0,0.0,0.0,11.7882806996909,10.763953457815848,2.2222399762638547,24.7744741337706,2.2553702752629667,0.0,0.0,2.2553702752629667,4.127103240277052,67.30199321223479,0.0,69.55736348749775,-44.78288935372716,0.4,0.0,0.6,0.05005608439236919,0.012883865321025256,-0.03266995432606157
140,2057.5,0.0,0.0,0.0,11.7882806996909,10.763953457815848,2.2222399762638547,24.7744741337706,2.2553702752629667,0.0,0.0,2.2553702752629667,4.139530791944578,67.50465327409367,0.0,69.76002354935663,-44.985549415586036,0.4,0.0,0.6,-0.09811295222683836,0.007469475771545886,0.05927651487791241
141,2057.75,0.0,0.0,0.0,11.7882806996909,10.763953457815848,2.2222399762638547,24.7744741337706,2.2553702752629667,0.0,0.0,2.2553702752629667,4.213038998258675,68.70337511708367,0.0,70.95874539234663,-46.18427125857603,0.4,0.0,0.6,0.03491930516878905,0.017919966297668122,0.07647007921767024
142,2058.0,0.0,0.0,0.0,12.259811927678536,11.194511596128482,2.3111295753144088,25.76545309912143,2.398071246273486,0.0,0.0,2.398071246273486,4.255836601068212,69.40128932133167,0.0,71.79936056760516,-46.03390746848373,0.4,0.0,0.6,0.040992888394736804,-0.006030379328603286,0.01724967299651281
143,2058.25,0.0,0.0,0.0,12.259811927678536,11.194511596128482,2.3111295753144088,25.76545309912143,2.398071246273486,0.0,0.0,2.398071246273486,4.3388135234737,70.75442054761315,0.0,73.15249179388664,-47.38703869476521,0.4,0.0,0.6,-0.03739678437589833,-0.012070274303219164,-0.0028103790187026245
144,2058.5,0.0,0.0,0.0,12.259811927678536,11.194511596128482,2.3111295753144088,25.76545309912143,2.398071246273486,0.0,0.0,2.398071246273486,4.3340645245953,70.67697710322345,0.0,73.07504834949694,-47.30959525037551,0.4,0.0,0.6,-0.016221754529926136,0.007087432105761016,0.15692254007892736
145,2058.75,0.0,0.0,0.0,12.259811927678536,11.194511596128482,2.3111295753144088,25.76545309912143,2.398071246273486,0.0,0.0,2.398071246273486,4.304067426263604,70.18780482165701,0.0,72.5858760679305,-46.82042296880907,0.4,0.0,0.6,-0.04272683792485288,-0.007102522545128664,-0.0027217985922587395
146,2059.0,0.0,0.0,0.0,12.750204404785677,11.642292059973622,2.403574758326985,26.796071223086283,2.5493173956938056,0.0,0.0,2.5493173956938056,4.308892747024207,70.2664928714028,0.0,72.81581026709661,-46.01973904401032,0.4,0.0,0.6,0.06287422157548894,0.010350960720668878,-0.02528359469648389
147,2059.25,0.0,0.0,0.0,12.750204404785677,11.642292059973622,2.403574758326985,26.796071223086283,2.5493173956938056,0.0,0.0,2.5493173956938056,4.291384893276644,69.98098669782809,0.0,72.53030409352189,-45.734232870435605,0.4,0.0,0.6,-0.051507518392883034,0.001692656198949427,0.022380101614570158
148,2059.5,0.0,0.0,0.0,12.750204404785677,11.642292059973622,2.403574758326985,26.796071223086283,2.5493173956938056,0.0,0.0,2.5493173956938056,4.314801051821596,70.36284148839137,0.0,72.91215888408517,-46.116087660998886,0.4,0.0,0.6,0.04856954037505412,0.018597541446657706,-0.06126614439747413
149,2059.75,0.0,0.0,0.0,12.750204404785677,11.642292059973622,2.403574758326985,26.796071223086283,2.5493173956938056,0.0,0.0,2.5493173956938056,4.309882163343199,70.28262759992982,0.0,72.83194499562363,-46.03587377253734,0.4,0.0,0.6,0.04748844117848905,0.027976283379667066,-0.06443083273802197
150,2060.0,0.0,0.0,0.0,13.260212580977104,12.107983742372568,2.4997177486600646,27.867914072009736,2.7612453772823375,0.0,0.0,2.7612453772823375,4.312197462751531,70.3203839282773,0.0,73.08162930555963,-45.21371523354989,0.4,0.0,0.6,0.26273954555359014,0.010330850103156042,0.06216768805725836
151,2060.25,0.0,0.0,0.0,13.260212580977104,12.107983742372568,2.4997177486600646,27.867914072009736,2.7612453772823375,0.0,0.0,2.7612453772823375,4.334426049292443,70.68287260214764,0.0,73.44411797942998,-45.576203907420236,0.4,0.0,0.6,0.12482105199911597,-0.009539314814227096,0.00916455221361323
152,2060.5,0.0,0.0,0.0,13.260212580977104,12.107983742372568,2.4997177486600646,27.867914072009736,2.7612453772823375,0.0,0.0,2.7612453772823375,4.314240435408563,70.35369933714678,0.0,73.11494471442911,-45.247030642419375,0.4,0.0,0.6,0.06500499114833747,0.0016782559773933503,0.0632436568011081
153,2060.75,0.0,0.0,0.0,13.260212580977104,12.107983742372568,2.4997177486600646,27.867914072009736,2.7612453772823375,0.0,0.0,2.7612453772823375,4.409100953568255,71.90062016214269,0.0,74.66186553942502,-46.79395146741528,0.4,0.0,0.6,0.1865160694822805,-0.02870316033804421,0.046493410448822825
154,2061.0,0.0,0.0,0.0,13.79062108421619,12.592303092067471,2.5997064586064673,28.982630634890125,3.0287773523736305,0.0,0.0,3.0287773523736305,4.518389108623497,73.68281707883813,0.0,76.71159443121175,-47.72896379632162,0.4,0.0,0.6,-0.20689711216556295,0.020403005455945422,-0.06894960857388943
155,2061.25,0.0,0.0,0.0,13.79062108421619,12.592303092067471,2.5997064586064673,28.982630634890125,3.0287773523736305,0.0,0.0,3.0287773523736305,4.5247311608450875,73.78623895387233,0.0,76.81501630624595,-47.83238567135582,0.4,0.0,0.6,-0.01748565121255241,-0.000672601158993591,0.040833953562730896
156,2061.5,0.0,0.0,0.0,13.79062108421619,12.592303092067471,2.5997064586064673,28.982630634890125,3.0287773523736305,0.0,0.0,3.0287773523736305,4.5239353625628915,73.7732616166291,0.0,76.80203896900272,-47.819408334112595,0.4,0.0,0.6,-0.12346473882845255,0.007346934412811645,0.13284261063660807
157,2061.75,0.0,0.0,0.0,13.79062108421619,12.592303092067471,2.5997064586064673,28.982630634890125,3.0287773523736305,0.0,0.0,3.0287773523736305,4.592897873862585,74.89785535639682,0.0,77.92663270877046,-48.94400207388033,0.4,0.0,0.6,0.21097526688441448,0.023021225144068458,0.11158986590765574
158,2062.0,0.0,0.0,0.0,14.342245927584838,13.09599521575017,2.703694716950726,30.14193586028573,3.3070106064685763,0.0,0.0,3.3070106064685763,4.574077176045467,74.59094021446977,0.0,77.89795082093835,-47.75601496065262,0.4,0.0,0.6,-0.041036454421952584,-0.00017234365302531973,0.07078599500553318
159,2062.25,0.0,0.0,0.0,14.342245927584838,13.09599521575017,2.703694716950726,30.14193586028573,3.3070106064685763,0.0,0.0,3.3070106064685763,4.627643666232765,75.4644661112309,0.0,78.77147671769949,-48.62954085741376,0.4,0.0,0.6,0.1290486246279683,0.002107314378348324,-0.017583515086443624
160,2062.5,0.0,0.0,0.0,14.342245927584838,13.09599521575017,2.703694716950726,30.14193586028573,3.3070106064685763,0.0,0.0,3.3070106064685763,4.704829976762489,76.72316797665849,0.0,80.03017858312707,-49.88824272284134,0.4,0.0,0.6,0.061067886775824975,0.009582790935860341,-0.05629734993467905
161,2062.75,0.0,0.0,0.0,14.342245927584838,13.09599521575017,2.703694716950726,30.14193586028573,3.3070106064685763,0.0,0.0,3.3070106064685763,4.7400361008185055,77.29728550759964,0.0,80.60429611406822,-50.46236025378249,0.4,0.0,0.6,-0.07766025428453982,0.02007198840591573,-0.16275532882625499
162,2063.0,0.0,0.0,0.0,14.915935764688232,13.619835024380178,2.8118425056287553,31.34761329469716,3.5963731907273186,0.0,0.0,3.5963731907273186,4.783430527826748,78.0049323150397,0.0,81.60130550576702,-50.253692211069854,0.4,0.0,0.6,0.08788456174981563,0.02814693001098889,0.07635216744600126
163,2063.25,0.0,0.0,0.0,14.915935764688232,13.619835024380178,2.8118425056287553,31.34761329469716,3.5963731907273186,0.0,0.0,3.5963731907273186,4.877701000107521,79.5422310730734,0.0,83.13860426380072,-51.790990969103554,0.4,0.0,0.6,0.032038614449567016,-0.01355629231623201,0.07062667605993411
164,2063.5,0.0,0.0,0.0,14.915935764688232,13.619835024380178,2.8118425056287553,31.34761329469716,3.5963731907273186,0.0,0.0,3.5963731907273186,4.935136582251478,80.47885149048119,0.0,84.07522468120851,-52.72761138651135,0.4,0.0,0.6,0.11112437691221633,0.028455953678888646,0.053274641156193514
165,2063.75,0.0,0.0,0.0,14.915935764688232,13.619835024380178,2.8118425056287553,31.34761329469716,3.5963731907273186,0.0,0.0,3.5963731907273186,4.937378641585699,80.51541346950332,0.0,84.11178666023063,-52.76417336553347,0.4,0.0,0.6,0.04870922769310293,0.017830348768042015,0.1609376492723047
166,2064.0,0.0,0.0,0.0,15.512573195275762,14.164628425355385,2.9243162058539056,32.60151782648505,3.8973102783564118,0.0,0.0,3.8973102783564118,4.915107408551382,80.15222934561812,0.0,84.04953962397454,-51.44802179748949,0.4,0.0,0.6,-0.04430123073908765,0.017792090374651348,0.0785172464311279
167,2064.25,0.0,0.0,0.0,15.512573195275762,14.164628425355385,2.9243162058539056,32.60151782648505,3.8973102783564118,0.0,0.0,3.8973102783564118,4.951786144403418,80.75036122835276,0.0,84.64767150670917,-52.04615368022412,0.4,0.0,0.6,-0.027265838890009775,0.023670903446693536,-0.034119913532006385
168,2064.5,0.0,0.0,0.0,15.512573195275762,14.164628425355385,2.9243162058539056,32.60151782648505,3.8973102783564118,0.0,0.0,3.8973102783564118,4.9663953341657425,80.98859796074771,0.0,84.88590823910413,-52.284390412619075,0.4,0.0,0.6,0.009662977406111217,0.031801200132051566,0.021846776260415535
169,2064.75,0.0,0.0,0.0,15.512573195275762,14.164628425355385,2.9243162058539056,32.60151782648505,3.8973102783564118,0.0,0.0,3.8973102783564118,4.951190368034227,80.74064571245191,0.0,84.63795599080832,-52.03643816432327,0.4,0.0,0.6,-0.12159430995926535,0.02119251027696012,0.14476811686886482
170,2065.0,0.0,0.0,0.0,16.13307612308679,14.731213562369602,3.041288854088062,33.90557853954445,4.219617066301931,0.0,0.0,4.219617066301931,5.000740619697885,81.54867752241174,0.0,85.76829458871367,-51.86271604916922,0.4,0.0,0.6,-0.11230573545935707,0.027916346825754612,0.02787138808873668
171,2065.25,0.0,0.0,0.0,16.13307612308679,14.731213562369602,3.041288854088062,33.90557853954445,4.219617066301931,0.0,0.0,4.219617066301931,5.081729444715493,82.86938820839787,0.0,87.0890052746998,-53.18342673515535,0.4,0.0,0.6,0.074175037046871,-0.0059972687651601575,0.03223254479847815
172,2065.5,0.0,0.0,0.0,16.13307612308679,14.731213562369602,3.041288854088062,33.90557853954445,4.219617066301931,0.0,0.0,4.219617066301931,5.053205584679062,82.40424049514857,0.0,86.6238575614505,-52.718279021906056,0.4,0.0,0.6,0.05508022302188542,-0.002662690055560746,0.060638396260498606
173,2065.75,0.0,0.0,0.0,16.13307612308679,14.731213562369602,3.041288854088062,33.90557853954445,4.219617066301931,0.0,0.0,4.219617066301931,5.090539727579141,83.01306031034588,0.0,87.23267737664781,-53.327098837103364,0.4,0.0,0.6,0.03160776252897923,-0.024387057806060652,0.06618018672642334
174,2066.0,0.0,0.0,0.0,16.778399168010264,15.320462104864387,3.1629404082515844,35.26180168112624,4.55921534095401,0.0,0.0,4.55921534095401,5.126713956708331,83.6029650405089,0.0,88.16218038146292,-52.90037870033668,0.4,0.0,0.6,0.1780067663004754,0.023327763800004453,0.0816986527933965
175,2066.25,0.0,0.0,0.0,16.778399168010264,15.320462104864387,3.1629404082515844,35.26180168112624,4.55921534095401,0.0,0.0,4.55921534095401,5.152196194223155,84.01851204197915,0.0,88.57772738293316,-53.315925701806925,0.4,0.0,0.6,0.11688344250945937,-0.008451320296373521,0.08117046161811725
176,2066.5,0.0,0.0,0.0,16.778399168010264,15.320462104864387,3.1629404082515844,35.26180168112624,4.55921534095401,0.0,0.0,4.55921534095401,5.17436379033071,84.38000612533581,0.0,88.93922146628982,-53.677419785163586,0.4,0.0,0.6,-0.005497935930651399,0.012890733267459042,0.07274089557490937
177,2066.75,0.0,0.0,0.0,16.778399168010264,15.320462104864387,3.1629404082515844,35.26180168112624,4.55921534095401,0.0,0.0,4.55921534095401,5.27900001669607,86.08634255226816,0.0,90.64555789322218,-55.38375621209594,0.4,0.0,0.6,-0.036920405585258775,-0.0005871627445945826,-0.016294131500642295
178,2067.0,0.0,0.0,0.0,17.449535134730674,15.933280589058963,3.289458024581648,36.67227374837128,4.912397546592169,0.0,0.0,4.912397546592169,5.38711227850393,87.84936380149273,0.0,92.7617613480849,-56.08948759971362,0.4,0.0,0.6,-0.0034742503541852487,0.01605995572444363,0.0663547535218647
179,2067.25,0.0,0.0,0.0,17.449535134730674,15.933280589058963,3.289458024581648,36.67227374837128,4.912397546592169,0.0,0.0,4.912397546592169,5.370254594761899,87.57446015825263,0.0,92.48685770484481,-55.81458395647353,0.4,0.0,0.6,0.015309635063549543,0.00529300488899076,1.6416935159302426e-05
180,2067.5,0.0,0.0,0.0,17.449535134730674,15.933280589058963,3.289458024581648,36.67227374837128,4.912397546592169,0.0,0.0,4.912397546592169,5.447496596241692,88.83407019382408,0.0,93.74646774041625,-57.07419399204497,0.4,0.0,0.6,-0.03011678406573315,0.008372253367388671,-0.06566452853344606
181,2067.75,0.0,0.0,0.0,17.449535134730674,15.933280589058963,3.289458024581648,36.67227374837128,4.912397546592169,0.0,0.0,4.912397546592169,5.535974330419552,90.27690491793737,0.0,95.18930246452955,-58.517028716158265,0.4,0.0,0.6,0.01709646803660836,0.00958956121113963,0.12454131684872571
182,2068.0,0.0,0.0,0.0,18.147516540119902,16.570611812621323,3.421036345564914,38.13916469830614,5.2797070404558575,0.0,0.0,5.2797070404558575,5.5905134849913685,91.16629236406945,0.0,96.44599940452531,-58.30683470621917,0.4,0.0,0.6,-0.03326872256778113,0.003768726742896522,0.06927214969977968
183,2068.25,0.0,0.0,0.0,18.147516540119902,16.570611812621323,3.421036345564914,38.13916469830614,5.2797070404558575,0.0,0.0,5.2797070404558575,5.596210287131791,91.25919193955002,0.0,96.53889898000588,-58.39973428169974,0.4,0.0,0.6,0.03425271768943361,0.0012916299672502962,0.04835066569309787
184,2068.5,0.0,0.0,0.0,18.147516540119902,16.570611812621323,3.421036345564914,38.13916469830614,5.2797070404558575,0.0,0.0,5.2797070404558575,5.578890354668017,90.97675025848487,0.0,96.25645729894073,-58.11729260063459,0.4,0.0,0.6,-0.11544811120203757,0.0076307890008850965,0.047355527689187715
185,2068.75,0.0,0.0,0.0,18.147516540119902,16.570611812621323,3.421036345564914,38.13916469830614,5.2797070404558575,0.0,0.0,5.2797070404558575,5.560409575201148,90.6753782738692,0.0,95.95508531432506,-57.81592061601892,0.4,0.0,0.6,0.010431921603772265,-0.006569342778286913,-0.09274551815928356
186,2069.0,0.0,0.0,0.0,18.8734172017247,17.233436285126174,3.557877799387511,39.664731286238386,5.661708914074092,0.0,0.0,5.661708914074092,5.592232789231455,91.19432960848991,0.0,96.856038522564,-57.19130723632562,0.4,0.0,0.6,0.04932767193286036,-0.018492058117740573,0.022952783837618007
187,2069.25,0.0,0.0,0.0,18.8734172017247,17.233436285126174,3.557877799387511,39.664731286238386,5.661708914074092,0.0,0.0,5.661708914074092,5.7241960207692735,93.3462962534112,0.0,99.0080051674853,-59.34327388124691,0.4,0.0,0.6,0.1194219641806582,0.00426524072043355,-0.021986027037521838
188,2069.5,0.0,0.0,0.0,18.8734172017247,17.233436285126174,3.557877799387511,39.664731286238386,5.661708914074092,0.0,0.0,5.661708914074092,5.882453977399928,95.9270593947334,0.0,101.5887683088075,-61.92403702256912,0.4,0.0,0.6,-0.05291243325248829,-0.010263335537941787,-0.015458128889698108
189,2069.75,0.0,0.0,0.0,18.8734172017247,17.233436285126174,3.557877799387511,39.664731286238386,5.661708914074092,0.0,0.0,5.661708914074092,5.901828569419226,96.24300706666153,0.0,101.90471598073563,-62.239984694497245,0.4,0.0,0.6,-0.015527049374882584,-0.003975758674344743,0.12652640072258148
190,2070.0,0.0,0.0,0.0,19.628353889793686,17.922773736531223,3.700192911363011,41.251320537687924,6.0589908626370566,0.0,0.0,6.0589908626370566,5.945991624167221,96.96318813261462,0.0,103.02217899525168,-61.770858457563754,0.4,0.0,0.6,0.017614082476363757,0.0067420810256673125,-0.06359847776550653
191,2070.25,0.0,0.0,0.0,19.628353889793686,17.922773736531223,3.700192911363011,41.251320537687924,6.0589908626370566,0.0,0.0,6.0589908626370566,5.97607176273571,97.45371457789533,0.0,103.51270544053239,-62.26138490284446,0.4,0.0,0.6,-0.01039983589320892,0.012384697234949726,0.11061806601150304
192,2070.5,0.0,0.0,0.0,19.628353889793686,17.922773736531223,3.700192911363011,41.251320537687924,6.0589908626370566,0.0,0.0,6.0589908626370566,6.13884870270819,100.10817022664733,0.0,106.16716108928439,-64.91584055159646,0.4,0.0,0.6,0.09497702872014058,0.003714731456658349,0.015742449008524284
193,2070.75,0.0,0.0,0.0,19.628353889793686,17.922773736531223,3.700192911363011,41.251320537687924,6.0589908626370566,0.0,0.0,6.0589908626370566,6.147430868106628,100.24812234409261,0.0,106.30711320672967,-65.05579266904175,0.4,0.0,0.6,0.04918004900777162,0.010061991901511913,0.03453926787001671
194,2071.0,0.0,0.0,0.0,20.413488045385435,18.63968468599247,3.8482006278175316,42.90137335919544,6.472164089142538,0.0,0.0,6.472164089142538,6.177644385504882,100.74082384063149,0.0,107.21298792977403,-64.3116145705786,0.4,0.0,0.6,-0.020038403845104913,0.016965655141610636,-0.027556936255115683
195,2071.25,0.0,0.0,0.0,20.413488045385435,18.63968468599247,3.8482006278175316,42.90137335919544,6.472164089142538,0.0,0.0,6.472164089142538,6.202880227611079,101.15235279332671,0.0,107.62451688246925,-64.72314352327382,0.4,0.0,0.6,0.07032120180410706,-0.008495780837092903,0.15252024091598804
196,2071.5,0.0,0.0,0.0,20.413488045385435,18.63968468599247,3.8482006278175316,42.90137335919544,6.472164089142538,0.0,0.0,6.472164089142538,6.2605036697326675,102.09203670350493,0.0,108.56420079264747,-65.66282743345204,0.4,0.0,0.6,0.010777464314703389,-0.0042404037313588105,0.07872460573882822
197,2071.75,0.0,0.0,0.0,20.413488045385435,18.63968468599247,3.8482006278175316,42.90137335919544,6.472164089142538,0.0,0.0,6.472164089142538,6.304415229283297,102.80811655679611,0.0,109.28028064593865,-66.37890728674321,0.4,0.0,0.6,0.022757509151625,0.014654038654335455,-0.09121486485674801
198,2072.0,0.0,0.0,0.0,21.230027567200853,19.38527207343217,4.002128652930233,44.61742829356326,6.90186424470824,0.0,0.0,6.90186424470824,6.290055504362588,102.57394792740213,0.0,109.47581217211037,-64.8583838785471,0.4,0.0,0.6,0.11343629826670987,-0.01900110591752846,-0.05945726269497331
199,2072.25,0.0,0.0,0.0,21.230027567200853,19.38527207343217,4.002128652930233,44.61742829356326,6.90186424470824,0.0,0.0,6.90186424470824,6.280273564024033,102.4144306960804,0.0,109.31629494078864,-64.69886664722537,0.4,0.0,0.6,0.11411348102188335,0.015092690433455402,0.05681244980046363
200,2072.5,0.0,0.0,0.0,21.230027567200853,19.38527207343217,4.002128652930233,44.61742829356326,6.90186424470824,0.0,0.0,6.90186424470824,6.365080550765223,103.79740536710474,0.0,110.69926961181298,-66.08184131824973,0.4,0.0,0.6,-0.025772653636371823,0.014985017170990433,0.05370037059082877
201,2072.75,0.0,0.0,0.0,21.230027567200853,19.38527207343217,4.002128652930233,44.61742829356326,6.90186424470824,0.0,0.0,6.90186424470824,6.357195410714191,103.66881986504775,0.0,110.57068410975599,-65.95325581619272,0.4,0.0,0.6,0.13605586297871208,0.0021940467318783963,-0.08243501456401625
202,2073.0,0.0,0.0,0.0,22.079228669888888,20.160682956369456,4.162213799047443,46.40212542530579,7.34875240649657,0.0,0.0,7.34875240649657,6.468768703160761,105.48828124842755,0.0,112.83703365492413,-66.43490822961834,0.4,0.0,0.6,0.026081998048470112,-0.00788389928087152,0.0015068928636472467
203,2073.25,0.0,0.0,0.0,22.079228669888888,20.160682956369456,4.162213799047443,46.40212542530579,7.34875240649657,0.0,0.0,7.34875240649657,6.636470331886772,108.22304537258383,0.0,115.5717977790804,-69.16967235377462,0.4,0.0,0.6,0.09439762764470783,0.004569102125818736,-0.03447148700234992
204,2073.5,0.0,0.0,0.0,22.079228669888888,20.160682956369456,4.162213799047443,46.40212542530579,7.34875240649657,0.0,0.0,7.34875240649657,6.600880497155606,107.64267054887557,0.0,114.99142295537214,-68.58929753006635,0.4,0.0,0.6,0.013986458048224515,-0.010142097241670922,0.09899331287508462
205,2073.75,0.0,0.0,0.0,22.079228669888888,20.160682956369456,4.162213799047443,46.40212542530579,7.34875240649657,0.0,0.0,7.34875240649657,6.595608953802509,107.55670580452276,0.0,114.90545821101934,-68.50333278571355,0.4,0.0,0.6,-0.13214712688824637,0.005668120678405497,0.13181095558787592
206,2074.0,0.0,0.0,0.0,22.962397816684444,20.967110274624236,4.3287023510093405,48.25821044231802,7.813516094756432,0.0,0.0,7.813516094756432,6.575423992031242,107.22754317373092,0.0,115.04105926848736,-66.78284882616934,0.4,0.0,0.6,-0.07062848696402557,-0.003772666168194494,0.11247024188955423
207,2074.25,0.0,0.0,0.0,22.962397816684444,20.967110274624236,4.3287023510093405,48.25821044231802,7.813516094756432,0.0,0.0,7.813516094756432,6.62668272351377,108.0634357108106,0.0,115.87695180556703,-67.61874136324901,0.4,0.0,0.6,0.04084478795804647,0.001842223023060141,0.10600255377110712
208,2074.5,0.0,0.0,0.0,22.962397816684444,20.967110274624236,4.3287023510093405,48.25821044231802,7.813516094756432,0.0,0.0,7.813516094756432,6.640622421866623,108.29075483255403,0.0,116.10427092731047,-67.84606048499245,0.4,0.0,0.6,-0.048703288054969596,0.0154476189116044,0.03714330629193885
209,2074.75,0.0,0.0,0.0,22.962397816684444,20.967110274624236,4.3287023510093405,48.25821044231802,7.813516094756432,0.0,0.0,7.813516094756432,6.782011889722372,110.59643812950745,0.0,118.40995422426388,-70.15174378194587,0.4,0.0,0.6,0.05476750281032494,-0.003293495812221048,0.013264656941324837
210,2075.0,0.0,0.0,0.0,23.880893729351822,21.805794685609207,4.5018504450497145,50.18853886001074,8.296870330546689,0.0,0.0,8.296870330546689,6.955235296280756,113.42124765174512,0.0,121.7181179822918,-71.52957912228106,0.4,0.0,0.6,-0.09060115635369914,0.02129581143274728,0.13816092222359666
211,2075.25,0.0,0.0,0.0,23.880893729351822,21.805794685609207,4.5018504450497145,50.18853886001074,8.296870330546689,0.0,0.0,8.296870330546689,7.087232181353757,115.57376309563378,0.0,123.87063342618046,-73.68209456616972,0.4,0.0,0.6,0.013564277156626003,-0.027524811741603816,-0.009801035659375179
212,2075.5,0.0,0.0,0.0,23.880893729351822,21.805794685609207,4.5018504450497145,50.18853886001074,8.296870330546689,0.0,0.0,8.296870330546689,7.0837791176490095,115.51745288082006,0.0,123.81432321136674,-73.625784351356,0.4,0.0,0.6,-0.1596992749542816,-0.015115249375964757,-0.05571256794148771
213,2075.75,0.0,0.0,0.0,23.880893729351822,21.805794685609207,4.5018504450497145,50.18853886001074,8.296870330546689,0.0,0.0,8.296870330546689,7.065872345043842,115.22544140978037,0.0,123.52231174032707,-73.33377288031633,0.4,0.0,0.6,-0.12104348138759591,-0.00338426670487324,0.014252997041296123
214,2076.0,0.0,0.0,0.0,24.836129478525894,22.678026473033576,4.681924462851703,52.19608041441118,8.818496022399136,0.0,0.0,8.818496022399136,7.3105530245775405,119.21552754875384,0.0,128.03402357115297,-75.8379431567418,0.4,0.0,0.6,-0.008240900573616705,-0.007270090257763151,-0.15909069856375613
215,2076.25,0.0,0.0,0.0,24.836129478525894,22.678026473033576,4.681924462851703,52.19608041441118,8.818496022399136,0.0,0.0,8.818496022399136,7.460941335967367,121.66795786684737,0.0,130.48645388924652,-78.29037347483535,0.4,0.0,0.6,0.12096005096499662,0.010058183327320114,-0.1407065479020353
216,2076.5,0.0,0.0,0.0,24.836129478525894,22.678026473033576,4.681924462851703,52.19608041441118,8.818496022399136,0.0,0.0,8.818496022399136,7.671883027771998,125.10785153644689,0.0,133.92634755884603,-81.73026714443486,0.4,0.0,0.6,-0.033075916113103565,0.008952161223581001,0.11810905035005792
217,2076.75,0.0,0.0,0.0,24.836129478525894,22.678026473033576,4.681924462851703,52.19608041441118,8.818496022399136,0.0,0.0,8.818496022399136,7.631931904151913,124.4563557792146,0.0,133.27485180161375,-81.07877138720258,0.4,0.0,0.6,-0.017593420713282182,-0.018578739409014222,0.137762891500828
218,2077.0,0.0,0.0,0.0,25.82957465766693,23.58514753195492,4.869201441365772,54.28392363098763,9.374697455295104,0.0,0.0,9.374697455295104,7.590928062289718,123.7876930087384,0.0,133.1623904640335,-78.87846683304588,0.4,0.0,0.6,0.06668399455373897,0.00034430745218760883,0.08794567448170798
219,2077.25,0.0,0.0,0.0,25.82957465766693,23.58514753195492,4.869201441365772,54.28392363098763,9.374697455295104,0.0,0.0,9.374697455295104,7.839667670106318,127.8439693900782,0.0,137.2186668453733,-82.93474321438566,0.4,0.0,0.6,-0.11859487722785234,0.022670582429021424,0.006972772224717261
220,2077.5,0.0,0.0,0.0,25.82957465766693,23.58514753195492,4.869201441365772,54.28392363098763,9.374697455295104,0.0,0.0,9.374697455295104,7.921634503624003,129.1806287736378,0.0,138.5553262289329,-84.27140259794527,0.4,0.0,0.6,0.11352866948642948,0.019787749592498738,0.015810148732996687
221,2077.75,0.0,0.0,0.0,25.82957465766693,23.58514753195492,4.869201441365772,54.28392363098763,9.374697455295104,0.0,0.0,9.374697455295104,7.877829000824846,128.46627842173106,0.0,137.84097587702615,-83.55705224603852,0.4,0.0,0.6,0.14159476474550892,0.00787232062725618,0.09115486511973225
222,2078.0,0.0,0.0,0.0,26.86275764397361,24.528553433233117,5.063969499020403,56.455280576227125,9.953146945506907,0.0,0.0,9.953146945506907,7.914510025246436,129.06444762490173,0.0,139.01759457040865,-82.56231399418152,0.4,0.0,0.6,-0.04225956501271266,0.0033701688195473256,0.09731250477718056
223,2078.25,0.0,0.0,0.0,26.86275764397361,24.528553433233117,5.063969499020403,56.455280576227125,9.953146945506907,0.0,0.0,9.953146945506907,8.09827975817766,132.06123946612576,0.0,142.01438641163267,-85.55910583540555,0.4,0.0,0.6,-0.016186640676825292,0.005399514230637781,0.06021251575574227
224,2078.5,0.0,0.0,0.0,26.86275764397361,24.528553433233117,5.063969499020403,56.455280576227125,9.953146945506907,0.0,0.0,9.953146945506907,8.247227365141404,134.49017575611774,0.0,144.44332270162465,-87.98804212539753,0.4,0.0,0.6,0.030465783618148334,-0.0007698017616103447,0.12634438287855
225,2078.75,0.0,0.0,0.0,26.86275764397361,24.528553433233117,5.063969499020403,56.455280576227125,9.953146945506907,0.0,0.0,9.953146945506907,8.498940954421116,138.5949498048506,0.0,148.5480967503575,-92.09281617413038,0.4,0.0,0.6,0.03887468700865937,-0.003288770650946793,0.20362234369815568
226,2079.0,0.0,0.0,0.0,27.937267949732554,25.509695570562442,5.26652827898122,58.71349179927622,10.554734415327186,0.0,0.0,10.554734415327186,8.518313959643733,138.91087160037745,0.0,149.46560601570462,-90.7521142164284,0.4,0.0,0.6,-0.007430797824971247,-0.005023415163571188,-0.008862969544812471
227,2079.25,0.0,0.0,0.0,27.937267949732554,25.509695570562442,5.26652827898122,58.71349179927622,10.554734415327186,0.0,0.0,10.554734415327186,8.492366003330075,138.48772997342462,0.0,149.0424643887518,-90.32897258947557,0.4,0.0,0.6,-0.09976975779939412,0.005348257364987452,0.04764358726367868
228,2079.5,0.0,0.0,0.0,27.937267949732554,25.509695570562442,5.26652827898122,58.71349179927622,10.554734415327186,0.0,0.0,10.554734415327186,8.712291531185953,142.07412593233934,0.0,152.62886034766652,-93.91536854839029,0.4,0.0,0.6,0.08749310694537149,-0.003617967221666518,-0.043788873263480244
229,2079.75,0.0,0.0,0.0,27.937267949732554,25.509695570562442,5.26652827898122,58.71349179927622,10.554734415327186,0.0,0.0,10.554734415327186,8.671406854165275,141.4074064210665,0.0,151.96214083639367,-93.24864903711745,0.4,0.0,0.6,-0.04832448798910105,0.009259480693351696,-0.018809676052760294
230,2080.0,0.0,0.0,0.0,29.054758667721856,26.530083393384942,5.477189410140468,61.062031471247266,11.180385383940273,0.0,0.0,11.180385383940273,8.817364115373593,143.78757818591413,0.0,154.9679635698544,-93.90593209860712,0.4,0.0,0.6,-0.12101772730034188,-0.005351889834565249,0.08636066073674331
231,2080.25,0.0,0.0,0.0,29.054758667721856,26.530083393384942,5.477189410140468,61.062031471247266,11.180385383940273,0.0,0.0,11.180385383940273,8.917725744609161,145.4242073895799,0.0,156.60459277352015,-95.54256130227289,0.4,0.0,0.6,0.10436019504157201,-0.0015510420463794583,0.026532294597332973
232,2080.5,0.0,0.0,0.0,29.054758667721856,26.530083393384942,5.477189410140468,61.062031471247266,11.180385383940273,0.0,0.0,11.180385383940273,8.914970673254793,145.37927955938136,0.0,156.55966494332162,-95.49763347207436,0.4,0.0,0.6,-0.10598687262739037,0.008918977445690146,0.07427111714200141
233,2080.75,0.0,0.0,0.0,29.054758667721856,26.530083393384942,5.477189410140468,61.062031471247266,11.180385383940273,0.0,0.0,11.180385383940273,8.918106472072521,145.4304160341577,0.0,156.61080141809796,-95.5487699468507,0.4,0.0,0.6,0.06730863844155954,-0.0058851847722827255,0.11382822666988668
234,2081.0,0.0,0.0,0.0,30.216949014430732,27.59128672912034,5.696276986546088,63.50451273009716,11.831062391297884,0.0,0.0,11.831062391297884,9.014592295285144,147.00384122874937,0.0,158.83490362004724,-95.33039088995008,0.4,0.0,0.6,0.11662773708609886,-0.01088113058071849,-0.07309149294820716
235,2081.25,0.0,0.0,0.0,30.216949014430732,27.59128672912034,5.696276986546088,63.50451273009716,11.831062391297884,0.0,0.0,11.831062391297884,9.520622725134388,155.25584137803853,0.0,167.0869037693364,-103.58239103923924,0.4,0.0,0.6,0.035994983295875915,0.022822042181240176,0.03850391756303684
236,2081.5,0.0,0.0,0.0,30.216949014430732,27.59128672912034,5.696276986546088,63.50451273009716,11.831062391297884,0.0,0.0,11.831062391297884,9.716188461409546,158.44499442051315,0.0,170.27605681181103,-106.77154408171387,0.4,0.0,0.6,0.044745636042594183,-0.0024458849689849016,0.061206686193053805
237,2081.75,0.0,0.0,0.0,30.216949014430732,27.59128672912034,5.696276986546088,63.50451273009716,11.831062391297884,0.0,0.0,11.831062391297884,9.997729162750081,163.0361687302977,0.0,174.86723112159558,-111.36271839149842,0.4,0.0,0.6,0.09812340154270371,-0.005004102523790799,0.06274262601928182
238,2082.0,0.0,0.0,0.0,31.42562697500796,28.694938198285154,5.924128066007931,66.04469323930104,12.507766478949797,0.0,0.0,12.507766478949797,10.071920720671386,164.24603420661893,0.0,176.75380068556873,-110.7091074462677,0.4,0.0,0.6,-0.029289125028001406,0.0066384246049693285,-0.053168434427476874
239,2082.25,0.0,0.0,0.0,31.42562697500796,28.694938198285154,5.924128066007931,66.04469323930104,12.507766478949797,0.0,0.0,12.507766478949797,10.245639449670437,167.0789211103997,0.0,179.5866875893495,-113.54199435004847,0.4,0.0,0.6,0.060071176439431495,0.009134380917858564,-0.030081867390207906
240,2082.5,0.0,0.0,0.0,31.42562697500796,28.694938198285154,5.924128066007931,66.04469323930104,12.507766478949797,0.0,0.0,12.507766478949797,10.438549827339838,170.2247723703755,0.0,182.7325388493253,-116.68784561002425,0.4,0.0,0.6,0.1478107151543342,0.01865294353104474,0.09271864631930526
241,2082.75,0.0,0.0,0.0,31.42562697500796,28.694938198285154,5.924128066007931,66.04469323930104,12.507766478949797,0.0,0.0,12.507766478949797,10.425866462657103,170.01794068381747,0.0,182.52570716276728,-116.48101392346624,0.4,0.0,0.6,0.08560193922821324,0.007567993251139438,-0.07489157867648033
242,2083.0,0.0,0.0,0.0,32.68265205400828,29.84273572621656,6.161093188648248,68.68648096887308,13.211538730107788,0.0,0.0,13.211538730107788,10.390838567094724,169.44672958195517,0.0,182.65826831206294,-113.97178734318986,0.4,0.0,0.6,-0.06946817501341696,0.010694493813147687,0.03045317439847084
243,2083.25,0.0,0.0,0.0,32.68265205400828,29.84273572621656,6.161093188648248,68.68648096887308,13.211538730107788,0.0,0.0,13.211538730107788,10.390022962434053,169.4334292557601,0.0,182.64496798586788,-113.9584870169948,0.4,0.0,0.6,0.10852195662208275,0.015756865461328706,0.07081708249383989
244,2083.5,0.0,0.0,0.0,32.68265205400828,29.84273572621656,6.161093188648248,68.68648096887308,13.211538730107788,0.0,0.0,13.211538730107788,10.382624978451604,169.31278796360343,0.0,182.5243266937112,-113.83784572483812,0.4,0.0,0.6,-0.04752451317429873,0.019203468503935506,0.061468815050504055
245,2083.75,0.0,0.0,0.0,32.68265205400828,29.84273572621656,6.161093188648248,68.68648096887308,13.211538730107788,0.0,0.0,13.211538730107788,10.378222075059414,169.2409884090579,0.0,182.45252713916568,-113.7660461702926,0.4,0.0,0.6,0.007427230498371129,0.00233816442008572,0.01292532741503627
246,2084.0,0.0,0.0,0.0,33.98995813616861,31.036445155265223,6.407536916194179,71.43394020762801,13.943461871312104,0.0,0.0,13.943461871312104,10.397228528087147,169.55093272064613,0.0,183.49439459195824,-112.06045438433023,0.4,0.0,0.6,-0.02194423114597699,-0.002469087435415185,0.008440702795002863
247,2084.25,0.0,0.0,0.0,33.98995813616861,31.036445155265223,6.407536916194179,71.43394020762801,13.943461871312104,0.0,0.0,13.943461871312104,10.580345214688144,172.5370751263883,0.0,186.4805369977004,-115.04659679007239,0.4,0.0,0.6,0.0036414905354036353,-0.01104301387884321,0.1511762651123587
248,2084.5,0.0,0.0,0.0,33.98995813616861,31.036445155265223,6.407536916194179,71.43394020762801,13.943461871312104,0.0,0.0,13.943461871312104,10.561436322098873,172.2287217640894,0.0,186.17218363540152,-114.73824342777351,0.4,0.0,0.6,0.16323113750898233,0.005826620584129749,0.010404189297493316
249,2084.75,0.0,0.0,0.0,33.98995813616861,31.036445155265223,6.407536916194179,71.43394020762801,13.943461871312104,0.0,0.0,13.943461871312104,10.683513941697964,174.21948057173006,0.0,188.16294244304217,-116.72900223541416,0.4,0.0,0.6,0.01864610243617215,-0.0007493637158423327,-0.005331823239208222
250,2085.0,0.0,0.0,0.0,35.34955646161536,32.27790296147583,6.663838392841946,74.29129781593312,14.704661938164584,0.0,0.0,14.704661938164584,11.008442636962146,179.51819678258556,0.0,194.22285872075014,-119.93156090481702,0.4,0.0,0.6,-0.03994629578411446,0.006545404781912234,0.03799117218796222
251,2085.25,0.0,0.0,0.0,35.34955646161536,32.27790296147583,6.663838392841946,74.29129781593312,14.704661938164584,0.0,0.0,14.704661938164584,11.28965866501945,184.104076541245,0.0,198.80873847940958,-124.51744066347646,0.4,0.0,0.6,0.06816837443681623,0.009618438213686575,0.061471195883464835
252,2085.5,0.0,0.0,0.0,35.34955646161536,32.27790296147583,6.663838392841946,74.29129781593312,14.704661938164584,0.0,0.0,14.704661938164584,11.520431540847424,187.86736367469206,0.0,202.57202561285663,-128.28072779692351,0.4,0.0,0.6,0.11379589628503584,0.005083920248452278,0.01900758998964336
253,2085.75,0.0,0.0,0.0,35.34955646161536,32.27790296147583,6.663838392841946,74.29129781593312,14.704661938164584,0.0,0.0,14.704661938164584,11.54501831014274,188.26830798935694,0.0,202.97296992752152,-128.6816721115884,0.4,0.0,0.6,0.02360687754047941,0.000806951386475685,0.011927834286381112
254,2086.0,0.0,0.0,0.0,36.76353872007997,33.56901907993487,6.930391928555624,77.26294972857046,15.496310007691172,0.0,0.0,15.496310007691172,11.927422142703785,194.50428965615632,0.0,210.00059966384748,-132.73764993527703,0.4,0.0,0.6,0.182401253399054,0.008501141397388334,0.13487023751947302
255,2086.25,0.0,0.0,0.0,36.76353872007997,33.56901907993487,6.930391928555624,77.26294972857046,15.496310007691172,0.0,0.0,15.496310007691172,12.27685387726192,200.20258476975087,0.0,215.69889477744204,-138.4359450488716,0.4,0.0,0.6,0.06478798735030078,0.008025736819977869,0.07658677492886312
256,2086.5,0.0,0.0,0.0,36.76353872007997,33.56901907993487,6.930391928555624,77.26294972857046,15.496310007691172,0.0,0.0,15.496310007691172,12.231964693932829,199.47056249266475,0.0,214.96687250035592,-137.70392277178547,0.4,0.0,0.6,0.05842464240598555,0.019626112497848514,0.0022929158817097672
257,2086.75,0.0,0.0,0.0,36.76353872007997,33.56901907993487,6.930391928555624,77.26294972857046,15.496310007691172,0.0,0.0,15.496310007691172,12.30575119452872,200.6738225695621,0.0,216.17013257725327,-138.9071828486828,0.4,0.0,0.6,0.1622122954279135,-0.00881609623551527,0.0019213133212336864
258,2087.0,0.0,0.0,0.0,38.23408026888317,34.911779843132265,7.207607605697849,80.35346771771329,16.31962399999882,0.0,0.0,16.31962399999882,12.296496016463536,200.52289541919617,0.0,216.84251941919499,-136.48905170148169,0.4,0.0,0.6,-0.008174967122146382,0.0010230809087374837,0.04237681441615648
259,2087.25,0.0,0.0,0.0,38.23408026888317,34.911779843132265,7.207607605697849,80.35346771771329,16.31962399999882,0.0,0.0,16.31962399999882,12.555020377474255,204.7387349019935,0.0,221.0583589019923,-140.704891184279,0.4,0.0,0.6,-0.030431501437207076,-0.003663500556918331,0.034399321831008134
260,2087.5,0.0,0.0,0.0,38.23408026888317,34.911779843132265,7.207607605697849,80.35346771771329,16.31962399999882,0.0,0.0,16.31962399999882,12.61746693872866,205.75707095926867,0.0,222.07669495926748,-141.72322724155418,0.4,0.0,0.6,-0.007471076036232871,0.0035987827573702447,0.06680638174453501
261,2087.75,0.0,0.0,0.0,38.23408026888317,34.911779843132265,7.207607605697849,80.35346771771329,16.31962399999882,0.0,0.0,16.31962399999882,12.58427594896773,205.21581486812048,0.0,221.5354388681193,-141.181971150406,0.4,0.0,0.6,0.05965728798238912,0.006320366292048574,0.08451914923175563
262,2088.0,0.0,0.0,0.0,39.7634434796385,36.308251036857556,7.495911909925763,83.56760642642182,17.175870551998774,0.0,0.0,17.175870551998774,12.531316102596483,204.35218170619373,0.0,221.5280522581925,-137.9604458317707,0.4,0.0,0.6,0.11020853526782193,0.02783380979502792,0.06750181907798236
263,2088.25,0.0,0.0,0.0,39.7634434796385,36.308251036857556,7.495911909925763,83.56760642642182,17.175870551998774,0.0,0.0,17.175870551998774,12.474218562847808,203.42107385429935,0.0,220.59694440629812,-137.0293379798763,0.4,0.0,0.6,0.05898765403996342,-0.0005008014424068286,-0.032071727408085504
264,2088.5,0.0,0.0,0.0,39.7634434796385,36.308251036857556,7.495911909925763,83.56760642642182,17.175870551998774,0.0,0.0,17.175870551998774,12.60229224866392,205.50961243248216,0.0,222.68548298448093,-139.1178765580591,0.4,0.0,0.6,-0.13726110955679927,0.011437554186060739,0.06293589226375063
265,2088.75,0.0,0.0,0.0,39.7634434796385,36.308251036857556,7.495911909925763,83.56760642642182,17.175870551998774,0.0,0.0,17.175870551998774,12.747376267012864,207.87554394658426,0.0,225.05141449858303,-141.4838080721612,0.4,0.0,0.6,0.05924126863322687,0.013542725377307274,0.04248919893919689
266,2089.0,0.0,0.0,0.0,41.35398121882404,37.76058107833186,7.795748386322794,86.9103106834787,18.06636696607873,0.0,0.0,18.06636696607873,12.84539518620302,209.47396982787225,0.0,227.54033679395098,-140.63002611047227,0.4,0.0,0.6,0.1508015520355397,0.016636782728316035,0.08169799966164026
267,2089.25,0.0,0.0,0.0,41.35398121882404,37.76058107833186,7.795748386322794,86.9103106834787,18.06636696607873,0.0,0.0,18.06636696607873,12.980090860864472,211.67049529719245,0.0,229.73686226327118,-142.82655157979246,0.4,0.0,0.6,0.13328351622726697,0.01444196260283448,0.05152832397496887
268,2089.5,0.0,0.0,0.0,41.35398121882404,37.76058107833186,7.795748386322794,86.9103106834787,18.06636696607873,0.0,0.0,18.06636696607873,13.303975066695342,216.9521786846223,0.0,235.01854565070104,-148.10823496722236,0.4,0.0,0.6,0.18573413160236507,0.01819129651126028,-0.03262988542364387
269,2089.75,0.0,0.0,0.0,41.35398121882404,37.76058107833186,7.795748386322794,86.9103106834787,18.06636696607873,0.0,0.0,18.06636696607873,13.521235095523602,220.495107497934,0.0,238.56147446401272,-151.65116378053403,0.4,0.0,0.6,-0.05796836661839333,0.007907959410981213,0.10795633848028774
